Date,AAPL,AMZN,BAC,CVX,GOOGL,JNJ,JPM,MSFT,PFE,XOM
2023-02-15,0.23060370319624476,0.4708242439730226,0.18969047863734967,0.28279403348734206,0.4737028987287279,0.16515402119944905,0.18261697829566237,0.3435631450961067,0.23882108142921976,0.27768366360864516
2023-02-16,0.2360420936827522,0.4806565599657792,0.18498551164106186,0.2841964935649568,0.474621565493283,0.15950984495698717,0.18721434359702482,0.32505053199046857,0.23359582884901675,0.2782381195967674
2023-02-17,0.23424584660846193,0.474980837445147,0.18475841384421035,0.28529730259820774,0.47122596278010204,0.17479940007052683,0.1871797977779451,0.314228231355618,0.23525616651097206,0.2975754744859935
2023-02-21,0.23677785700828005,0.4753728724111603,0.19640593268428197,0.2850054918305584,0.4783073620928577,0.17445496058570023,0.1885889100569371,0.32247355553160684,0.21895010222101835,0.2957288940766761
2023-02-22,0.23682466644088188,0.4749746672846334,0.1921247316827331,0.2846311569676373,0.4780353305048911,0.16148905353935147,0.18961128529266896,0.3229267645129525,0.1718031926256148,0.29292041483359127
2023-02-23,0.23685253849969837,0.4689316270043509,0.19119640699963458,0.28611435041817945,0.47874297171669905,0.16170512662334488,0.1892607671392679,0.32387366968364784,0.16812432973996094,0.2909911167015736
2023-02-24,0.2403917120282223,0.4455617580338596,0.1899252132764031,0.28645528327777403,0.47139788329188886,0.16324627242645667,0.18983245746810432,0.32236012705201533,0.17033635248013113,0.2890789781296481
2023-02-27,0.24053876293285212,0.44561152944724636,0.18974376733381632,0.2842290892949498,0.472015065296818,0.1632332304023306,0.19132311565652052,0.32112795892779633,0.17697257719377368,0.2848890583985087
2023-02-28,0.24051910177271124,0.43684872168139377,0.17815442435020723,0.285271044868632,0.47088265637433513,0.16681140007139483,0.17864441570422537,0.3213781472413613,0.17539767462728084,0.28529794374498096
2023-03-01,0.24503704533073098,0.4371650353249293,0.16881631135266406,0.281309847977502,0.47035361110393453,0.1666806881420905,0.17330805176939448,0.32381438099519516,0.14674470762598824,0.2866128324449404
2023-03-02,0.24400231026840657,0.43693513474050394,0.1586544647330447,0.2782569829912479,0.4733046537465638,0.16333584234201176,0.15045587639928026,0.32242555613899593,0.1410449660840793,0.2802760492228863
2023-03-03,0.26077518418313933,0.4424655599314606,0.1624277992128015,0.2804298084245354,0.47218683328856337,0.1679600138798375,0.15187491341169992,0.3199437109170218,0.14845880204065276,0.2819744509455347
2023-03-06,0.2604410434325681,0.4296183154406536,0.15405514787035177,0.2792776483108376,0.4486886217433053,0.17196252488186162,0.1536265235166556,0.3055908539746674,0.14747367237910183,0.2782734347007604
2023-03-07,0.2588692413396087,0.4294572631897911,0.1760664442987228,0.28087066126760174,0.44640818674471683,0.17316360880121517,0.17310956533272331,0.30698795428456316,0.1546976364428975,0.2838100325033108
2023-03-08,0.2584896121388319,0.4284305271497455,0.1777385189096924,0.2807944727342096,0.4430003467256781,0.1734787546882303,0.172213472524019,0.3069408797258491,0.15462227427843112,0.2854469734952067
2023-03-09,0.26264608764930997,0.4301888636949034,0.25061353134693076,0.2823980543238433,0.440819561748239,0.17241160781584378,0.23483707647776528,0.30684274154835556,0.15540534752077334,0.28586792940454203
2023-03-10,0.2637859376508484,0.42682331735511747,0.24528364938280936,0.23771288867760945,0.4371039909226702,0.17328680077751069,0.24676734607022002,0.2980696119103961,0.15478076649422848,0.2606213122023345
2023-03-13,0.26361862069075925,0.4203939423502631,0.29102263742537793,0.20479910383747213,0.4331363325671111,0.1772410558526265,0.25104414756470744,0.30425639653902964,0.15996965803978874,0.25776778157744845
2023-03-14,0.25815135106597165,0.4268907222324049,0.2945166855019161,0.19493017029998164,0.4387287948777599,0.14478257443700884,0.2625962587367892,0.3050678087290495,0.16024470045666625,0.25412048919503794
2023-03-15,0.25735968618453947,0.4217714002863306,0.2925035920241394,0.2295196452537799,0.44007775904813623,0.1421488363262116,0.2951435686874568,0.3035695287868419,0.1566759957285165,0.282011378812979
2023-03-16,0.26129136371061035,0.4343002834359856,0.2952949675792151,0.227685064217574,0.4556903240720575,0.13841052773093,0.3020416294012899,0.31866728313468484,0.15736998551196496,0.2813167184329825
2023-03-17,0.24131312507846522,0.3758694159747886,0.3081244903689183,0.2272653785025724,0.4064577639181292,0.13952613615408233,0.3198671860388609,0.2931712536086023,0.15405754315860506,0.2698974184434633
2023-03-20,0.235282238546911,0.28171024658948396,0.3045896930335139,0.23251042125657298,0.39905371324661826,0.14368802241411355,0.31771338574540753,0.29491854801155404,0.16518841686936267,0.2814339322863804
2023-03-21,0.23049779141972512,0.29401555460500856,0.32409248161236026,0.2511898235360311,0.4096736511584875,0.14279438348270207,0.32840479428910413,0.2941332904842267,0.16473116926191259,0.3120913100879613
2023-03-22,0.22646525538519216,0.29894583973535455,0.327522020533587,0.2426121265152485,0.3895749176353703,0.15075494284425375,0.3320269580410328,0.2705916234608428,0.16940463736789205,0.30555586679043056
2023-03-23,0.22013178250432058,0.29332712763392044,0.33041086959085336,0.23571730738764352,0.31559055011611853,0.1506112812478897,0.3319260539257046,0.27575214995703995,0.16711297244657952,0.30608287766038667
2023-03-24,0.21944627351068924,0.2889612097020435,0.33168956477913003,0.23776767988819844,0.28293508565933195,0.15090532619316271,0.331818857307891,0.27404171450905135,0.16498943188703782,0.30567707845640035
2023-03-27,0.22338601784433124,0.28834181162528133,0.3711036819492582,0.23073996345222156,0.2971364839046354,0.15077001500889972,0.343985693920872,0.2783409510455031,0.159015601882037,0.28558862514268946
2023-03-28,0.2179238891696308,0.28326731936799693,0.3704378007504212,0.2341616316307279,0.30102569368476684,0.1516543164233198,0.3419913230616139,0.26475245250745477,0.15837283691098372,0.28937682655207525
2023-03-29,0.22398886302510904,0.29739378182522175,0.378236192965076,0.2345070811123707,0.3010186025128413,0.15528874887025618,0.341588591157236,0.27003517445310027,0.16052777666507442,0.2939367019128346
2023-03-30,0.22240101152416725,0.29866023329656244,0.37826982520087,0.2353251409087382,0.2947627027794943,0.14872606455761003,0.34082824338062945,0.2705810567733133,0.16023613057068686,0.29463259817839227
2023-03-31,0.22302070752590664,0.2861937140740376,0.3818171892750337,0.23253664606756502,0.3002502864378151,0.15100413418802403,0.34237216620611505,0.2588555575417699,0.1631974302270041,0.2947885836741959
2023-04-03,0.2215016410033845,0.28580755326598895,0.381411748616617,0.25235437857270654,0.2969856700254924,0.1422125081708744,0.34197639256549567,0.2535242615500541,0.16756532591037687,0.3200155853551836
2023-04-04,0.2036125919120514,0.2744790300216999,0.38061972509178776,0.25027694880481655,0.28221040895490695,0.13909489402399844,0.34028548286511184,0.24285294650379358,0.16708427283886812,0.32155003533849985
2023-04-05,0.2082043566121811,0.2870395829361542,0.38094557888066777,0.24986448844303832,0.28237888820108,0.188240156246383,0.3401764746965295,0.24502961737852974,0.1732332212035521,0.3218234694335074
2023-04-06,0.2083122599914847,0.2878493007681456,0.3827859919767721,0.2524489515133647,0.2950585084604728,0.18859511862500103,0.3387647675235077,0.25139888445361835,0.1732022976100718,0.3256334589376699
2023-04-10,0.20654394624580627,0.2766265951139918,0.3836647213117911,0.25251376538322584,0.294234345689612,0.1857924821023575,0.33744599313758233,0.24145606387246923,0.16994589033733823,0.32604126906048375
2023-04-11,0.2083678469666101,0.2861278578941069,0.39559281715118827,0.2527996710339743,0.2978408269580634,0.18552770671504482,0.33648782573506153,0.2546586822774432,0.15467461803962154,0.326359835442166
2023-04-12,0.20862079462756422,0.2937692830497621,0.39486626755676396,0.24936582458580775,0.29976983251700356,0.1787442858045744,0.334875770687418,0.25384537624768333,0.15697806868003164,0.32573502269105875
2023-04-13,0.22034328951789847,0.31203525843608265,0.3956758096517294,0.25098013146742104,0.3059922705132522,0.18032989614902045,0.3354444649342575,0.2536927560314425,0.15395839505676903,0.3251437133469517
2023-04-14,0.2211394112759746,0.3119002909450809,0.410609676652011,0.25095699019274065,0.30466787540216295,0.18049272805500663,0.4000743226183772,0.2554397574317756,0.15265759040858978,0.3250215849974829
2023-04-17,0.2017369455420153,0.30195417825492177,0.4156908161184373,0.2498751826834483,0.31653941868638436,0.17940862199123683,0.39704084449090943,0.25329591022532705,0.14798854709705173,0.32535914808921057
2023-04-18,0.19693651904344872,0.29943836412989444,0.4167073581725863,0.24938452884181972,0.31878608272126707,0.19899152959410754,0.39815987903518235,0.2537274070062124,0.15460736098317118,0.3290882793520184
2023-04-19,0.19034156526039284,0.30275477430415365,0.40960023255725675,0.2459192365762274,0.3155010955440645,0.19774043726606202,0.3880760502648243,0.2502538709220737,0.14615509824669423,0.32363726291516187
2023-04-20,0.19155327258938795,0.3037129137426711,0.4085001477151143,0.2455531663631677,0.3161734462200201,0.1962381026107798,0.38771337862582456,0.25225364106652326,0.14803459115007644,0.3213034896638103
2023-04-21,0.18788881499478674,0.3062224856594496,0.3649616253151843,0.2410729799752988,0.30776335605212735,0.19344041486319286,0.34883111603391204,0.2511705068079461,0.14190387060299975,0.3200754709411132
2023-04-24,0.18089317743038827,0.3015897842998912,0.3642648756938078,0.24261445617200614,0.3000102597556563,0.1937269909827771,0.3423654054628157,0.2506333072772219,0.14369940784867563,0.3205571160895837
2023-04-25,0.18235869779867578,0.3202794533500971,0.33184654299276517,0.2464525832473058,0.3089228543208322,0.1936065532097106,0.3445127879167978,0.2570101945222914,0.1459010300639566,0.3217429964425725
2023-04-26,0.17940489895849226,0.3185799373033183,0.3334020766379204,0.2509175966663228,0.298818019674563,0.2003426573839446,0.3416624153646486,0.3158800264467453,0.15436863071086487,0.3236669418402804
2023-04-27,0.1941999378994964,0.33966637205048916,0.3354182159079499,0.21113666646090826,0.30941588554713506,0.2003280834381875,0.3104617199673498,0.3234924854572185,0.1515986502466511,0.28182268410697653
2023-04-28,0.1892102103383248,0.34736667422545187,0.33416417633633294,0.21210404197700217,0.2866644428456789,0.20010204352658525,0.30699380524289854,0.30615376824598306,0.1520024202131733,0.2809864807734791
2023-05-01,0.1878636631538711,0.35983648289275777,0.3122442345637844,0.20949017302704662,0.28504061442708045,0.1965907755723947,0.2864026325708775,0.306264386889084,0.15347669123755922,0.2967256653422182
2023-05-02,0.1859191749030357,0.3597568037030419,0.32579255169849114,0.2470539751847012,0.2901796554696867,0.19623569682645742,0.29167292031546654,0.29387409297176126,0.14351163215457532,0.3173095705039775
2023-05-03,0.18530106317632114,0.3503390436556415,0.3150847083425113,0.23871889169645139,0.2710359609864747,0.20124593384464912,0.29149930169479366,0.2945382921556228,0.14927302362485692,0.2981930356956777
2023-05-04,0.18573034313145376,0.3451204580366747,0.3132586245007126,0.23134595661894333,0.26814821575335773,0.19273130373903946,0.2833444605205628,0.29330614413184397,0.14358460340457124,0.29485120245935015
2023-05-05,0.22539649404918977,0.34747462764512904,0.3144408073078536,0.2404245282887489,0.26191678859460865,0.19267345571746655,0.2873259216599717,0.2922233772722892,0.1446531575042455,0.3006870465245634
2023-05-08,0.22501448826822018,0.34662276410406245,0.3140542828205522,0.23941369828819586,0.26858631439343794,0.19177662551158448,0.2821696087676615,0.29296424504140955,0.14444320611985842,0.30075561811762125
2023-05-09,0.22375200647362167,0.3467489326014606,0.2793311746706691,0.23794448004024496,0.2542389808760849,0.19374010756577054,0.27294111102874186,0.2890465879695918,0.14457550019719634,0.294762966590352
2023-05-10,0.22387671711444534,0.35579263758320784,0.2790738382488785,0.23840815744337934,0.27317832044865514,0.19079303712877105,0.2729764277557599,0.29072834021033606,0.14433917346178962,0.2954113373977885
2023-05-11,0.2184612119242475,0.34951731108929174,0.2726090885982704,0.23725353558013865,0.29549839210307305,0.19017515707144042,0.2734129558086554,0.2890182109647531,0.14361465233866838,0.2956406120406156
2023-05-12,0.2185396078600141,0.3522147404135389,0.27194607578073327,0.23544931418097803,0.2942277753534692,0.19035214597564418,0.27720906467922035,0.28835623308247543,0.14325839060440695,0.2951391993347594
2023-05-15,0.2151886855679689,0.35140872887330454,0.2772164943390396,0.23524172039032737,0.28867543039246746,0.19036146452447322,0.27621568852378664,0.2860941854444551,0.13837541903639225,0.2951691096738833
2023-05-16,0.21441305725835036,0.3532059070473423,0.27853966741537994,0.2078426997096766,0.2953285580296754,0.18761627488364913,0.27715742897063517,0.28584752260454416,0.12964799206730285,0.24546446495687319
2023-05-17,0.21409286274919986,0.3543144776450042,0.300415952350819,0.21389603470069704,0.29591343704883893,0.18539347848802584,0.285766242976043,0.28635015316919465,0.12814599749929512,0.2560712794488721
2023-05-18,0.21333927395577176,0.3456516297674678,0.2982117859332964,0.21271003969133992,0.2969493319580508,0.13085027877593372,0.286071171836846,0.28541036099305994,0.11527540455716502,0.25172812691968627
2023-05-19,0.21316782575534093,0.3508688366770495,0.3001871761432352,0.21265057691230868,0.2816665979958523,0.1313378236635271,0.28624034410450144,0.27834032591496405,0.12011393080459094,0.249260546428715
2023-05-22,0.20743511588446867,0.3534796307408274,0.3009088198592749,0.21669860313407996,0.2762272554180424,0.13143300693715917,0.2880775880225842,0.2769803710751485,0.20105878593675958,0.25083710966868983
2023-05-23,0.21180499591527577,0.3449384442033761,0.29119451857508954,0.23408779479542083,0.28246202443594753,0.13142810260518334,0.2904250543342213,0.2736512712070315,0.21339386203466937,0.2536961905796974
2023-05-24,0.21090034000787103,0.3372921370722226,0.29441234679770684,0.23391660550077858,0.28564374267439513,0.13140743324384382,0.2921919416048255,0.27465621265146767,0.2235724129025599,0.2566956097569653
2023-05-25,0.18975498887592482,0.3206072240687294,0.29438333608390715,0.2331251765220487,0.2826254371490551,0.1293284969721454,0.29213426265671366,0.2872941863058362,0.22978373128501203,0.26001634281354224
2023-05-26,0.1928068484807683,0.34034160206852015,0.2773525573133422,0.23258738875145604,0.28176543421790473,0.12942457783554887,0.2018404214289595,0.2868884781790432,0.2296879168415039,0.2597645969907145
2023-05-30,0.19428481847668172,0.34090139358443317,0.26259215738710745,0.23218168147681828,0.2681921457862181,0.1295545022546933,0.20071510532225087,0.28809187241740203,0.23266671625570462,0.2590803764031476
2023-05-31,0.19382256393861136,0.34233215795502153,0.2644763463193981,0.23524017454084745,0.264408651260915,0.1038012945552614,0.2005639371714132,0.29011711212906005,0.2453630096967554,0.2537122733218311
2023-06-01,0.19745381342562007,0.34187453716360433,0.2631369183339648,0.23836216246686773,0.2632109318364702,0.09917525791092144,0.20525694307581926,0.2908095578562942,0.24477078440175878,0.25775561288033333
2023-06-02,0.19596894420701733,0.3409926211706725,0.2820713116029486,0.25373694131208546,0.26287551748233484,0.10860013522213838,0.21449494198550434,0.2883476539127166,0.24530239914204988,0.26867043196941087
2023-06-05,0.1948247729197837,0.3335103676601617,0.28242080334641223,0.25377310298504824,0.26291470037248665,0.11130868417125032,0.21631832090322245,0.28790116908572055,0.24482562003230396,0.26812895226520667
2023-06-06,0.19533219621934683,0.3317411247197511,0.2915178574241853,0.2493990135401853,0.2632014508215386,0.10946795671223003,0.2163524646066626,0.28435013460362546,0.2447759294633708,0.2624041701823982
2023-06-07,0.19447152127257727,0.3416395458547291,0.27715415114315284,0.25995520728684607,0.28366257778065945,0.10572755897030867,0.20810760587484797,0.29276475327371426,0.24467185462292884,0.27028170345299635
2023-06-08,0.19761058011761182,0.34228278628405984,0.27503930751243183,0.255362337061077,0.28403470753936105,0.1020147427533769,0.20051608736294882,0.21991141039989226,0.2390451827419121,0.2694577863493036
2023-06-09,0.18321592706639345,0.32273484891687765,0.27157917439474116,0.2545466445730401,0.2683154707824011,0.10178617416363749,0.19726453510180753,0.20307666065766858,0.23921082358251886,0.26668634498874183
2023-06-12,0.18657916398890784,0.2993560544923764,0.26929193844472554,0.25343636040166134,0.2683552791793296,0.10082721082462158,0.19592257904187765,0.20595942073186557,0.24823799608558042,0.26325824576169626
2023-06-13,0.18699100230943863,0.2764390310758446,0.2693556309882311,0.2542116966314165,0.26792771447118796,0.10220408042264309,0.18719055327311,0.20488938787752642,0.24857950950032096,0.2493607882374048
2023-06-14,0.18510538150453784,0.27653675925852733,0.2544421129005241,0.22143654321981424,0.26006059049865604,0.09993792512093802,0.18102857503886352,0.2053225284620892,0.2581010111551163,0.2234571015233471
2023-06-15,0.18433265292028175,0.27589334455853404,0.25260407576407323,0.21419737931050634,0.26027427477502085,0.10016687989838603,0.1709941551777918,0.2196280376072281,0.25464684802765736,0.2174312607143379
2023-06-16,0.18209688651017103,0.28157882251645405,0.2330271448920769,0.2147976810025312,0.2631698839792783,0.09930226075873333,0.16460966975727917,0.22811045210147693,0.25433467088750245,0.21224220105631686
2023-06-20,0.13113691700246943,0.28030847898015443,0.2253843781245409,0.21213760167197665,0.2642938168942846,0.0990305754710902,0.15757980326763096,0.22942386519100727,0.2603761556106531,0.20929541980578034
2023-06-21,0.13292346388388185,0.2827601574013327,0.22801350066304824,0.21347081984626395,0.2704816674602348,0.09886796840036352,0.157761709333005,0.2327223917372942,0.2625510929566043,0.211967030339661
2023-06-22,0.13420688582523538,0.3016401166366971,0.23742734873782384,0.2171770033200344,0.2741552621322194,0.09968204970761624,0.1680078282807081,0.23570393877316187,0.2624568124490873,0.2122428087699011
2023-06-23,0.13290952287206168,0.2932518470855031,0.23553597505170926,0.215485395326679,0.254174092260098,0.09955094030827782,0.1689091074937813,0.23719540938760486,0.264250341111465,0.21064359327032964
2023-06-26,0.13603464968812612,0.296825701456259,0.23780425526983678,0.22139643968085926,0.24702276991569078,0.1047693627377363,0.16861436612092912,0.24403247075513004,0.2853100708065296,0.21186043152133552
2023-06-27,0.1389092208239006,0.29104548940430297,0.23526989793452047,0.22140468014093603,0.24599097414662877,0.10492817134779454,0.16237903906707946,0.24770882545665787,0.28708601927379435,0.21200272091156017
2023-06-28,0.13814924470146703,0.2914502039156824,0.2293197287631509,0.22277855494851434,0.24840203369995,0.1022171593911075,0.16171508087630207,0.2477039870113066,0.2869234386357384,0.2132678919112653
2023-06-29,0.1378887946995649,0.2907080437859913,0.23383479219403072,0.21246827154551776,0.2388944927400337,0.10343115197537041,0.18687465032488307,0.24775878595146497,0.28699378805211834,0.20269171110859205
2023-06-30,0.14914986849901368,0.291015875551369,0.19806166480635123,0.20956454010274855,0.23707182630342197,0.10505079552843495,0.1708218825635328,0.2502053202709513,0.29010489126110733,0.19325289314441593
2023-07-03,0.14994264282671754,0.28588637462186295,0.20381760268580873,0.20953975550553075,0.23187511743044625,0.1127241601887684,0.17096449729336285,0.24941123175971305,0.2892904159857434,0.191707884487286
2023-07-05,0.15207350985095947,0.27998107620984797,0.2002359813822766,0.20919105701525592,0.23653659825253054,0.11339972987525929,0.17231368956117235,0.2493373707367859,0.2887289148908506,0.19198202044918605
2023-07-06,0.1499686019500369,0.2825363178852699,0.21628105085291555,0.21258393268129597,0.23265547110628584,0.11456825824622749,0.1731876290064055,0.24941135011946994,0.2490952080355631,0.21915763790049173
2023-07-07,0.14219655937675593,0.2830744334728883,0.2164055962427143,0.19673790996684737,0.226133907985648,0.12319015180352179,0.17033240939372082,0.24533606640445546,0.2370792461661112,0.21522536877938553
2023-07-10,0.1481701205171741,0.2897650750638793,0.21049296753488336,0.19764400060229717,0.23459431441565848,0.1231498360793942,0.16720044516342908,0.25037122611684526,0.22850610801216228,0.21723545757446286
2023-07-11,0.14873512474502537,0.2860387721641394,0.21311568361382663,0.19812004653571239,0.22597792779953282,0.11617578494697522,0.17136267973147717,0.22611406467549525,0.22432749896433343,0.2141052288011056
2023-07-12,0.14611843641055403,0.26287389253547067,0.21499935193358474,0.19937167535451725,0.22916737885042374,0.11681498759997629,0.17042669413137662,0.22144464601804603,0.2239357018605203,0.21358580052697224
2023-07-13,0.14422904763283564,0.2702017440225946,0.21632666961968067,0.20275604744771872,0.26663912127002526,0.117312815074552,0.17050493791758123,0.22532336020627902,0.21992106444850001,0.21897926394219608
2023-07-14,0.14408949519120853,0.267722070372047,0.2181318378956434,0.21077174457693731,0.26655819237276634,0.11805342838180034,0.16405246251342914,0.22412837478260653,0.20519375075811183,0.2361332353945681
2023-07-17,0.14515636476350183,0.26636979886017526,0.21876989211193468,0.2088591225244883,0.2666004322334242,0.11868346011155052,0.17194945772782524,0.2216842095043704,0.20768104909394672,0.23390699998802272
2023-07-18,0.14539929390703907,0.2659511367487472,0.23309976497088963,0.19354240948488766,0.2664849316136304,0.1102799752346133,0.16433378973145746,0.24658115254269772,0.208477630537548,0.2231285564725582
2023-07-19,0.14293133600554858,0.2697630658181688,0.2421541956118353,0.1940314735002368,0.2673204517100935,0.10774192282835089,0.15957726333614258,0.25021575784324956,0.20776231426039532,0.22427708838036464
2023-07-20,0.14716247944006136,0.2962503904211647,0.2342781854495598,0.19665705509768538,0.27271320951942196,0.20168254914342798,0.16136958523585548,0.2596559738270773,0.20950126396319158,0.22921848716897775
2023-07-21,0.14625842413972331,0.2648879466821481,0.23441256232121305,0.18655842112843116,0.2510479800208204,0.20322087066825187,0.16393996893572102,0.2427572488507092,0.2119138145681072,0.2193175401166212
2023-07-24,0.14126588770246054,0.2582441976436248,0.23754474445803483,0.19478266361210195,0.2538150375233922,0.20180368901121454,0.17005899684522913,0.24256355183241185,0.21143021248014643,0.22470600005248453
2023-07-25,0.14142676601335635,0.2571969897005116,0.24387669179227767,0.19491752017595093,0.25435241774270917,0.2020815074134255,0.17326727978136497,0.24628633814087803,0.21365377404186714,0.2239203739871874
2023-07-26,0.1359524503870616,0.24842810294456255,0.2430913731249968,0.1940159501095454,0.3006437523592445,0.20186722645048255,0.17298844238069824,0.26978008716184027,0.20069072862011117,0.22299348194705892
2023-07-27,0.1375815637517004,0.24842890396225717,0.24783659370657754,0.19564634817120483,0.3006468965465843,0.20191136203971322,0.1780688477773818,0.2761129233626461,0.20149853933167555,0.2232266795744634
2023-07-28,0.14161910435287267,0.2630320228003027,0.24544732021939153,0.1943346726553727,0.3076600503726936,0.20185827226923572,0.17689445848335902,0.28301308525775615,0.19247526565369377,0.22319268203276835
2023-07-31,0.1390532453422312,0.26426507217098577,0.24489227314614073,0.21130950160423617,0.30646083975919935,0.23477460244440873,0.17568626699834392,0.26762585813365486,0.18901156325741386,0.2382401246998342
2023-08-01,0.13836221154672118,0.26537343421639453,0.24731008552593828,0.21196441901088264,0.30512343868837294,0.23565244677167388,0.17728868715861773,0.2636031549402475,0.18824153832806464,0.23788390138937518
2023-08-02,0.1473392743144903,0.27780709762413763,0.24871089820206987,0.20589122486729983,0.314325021499348,0.23605869911605154,0.18078325992762875,0.27216669342933725,0.18351354927141508,0.23057543390792887
2023-08-03,0.14810237605704332,0.27702234373972917,0.24590105761762962,0.2050117338181342,0.30714683705563534,0.23608670346708052,0.18044611345580475,0.269709238752083,0.18305699418070212,0.23360223572151922
2023-08-04,0.20213546231475613,0.33962518074724174,0.23545647027304317,0.19992141581153625,0.3019254516641488,0.23641294292238355,0.16797674305005017,0.26400919133448647,0.1833307162873538,0.2328234615905919
2023-08-07,0.2077190905122496,0.3418656654349224,0.2366175486184227,0.19777395148445834,0.30942541409936253,0.24558864657393406,0.16571054376476485,0.2622296614749317,0.19195653040773383,0.23111259057474828
2023-08-08,0.20775769369312053,0.3421442991718965,0.2453300747995801,0.19233975614304125,0.2906812356327819,0.24263631061021035,0.16811932009949077,0.2586261480201901,0.15971502306395347,0.22587752795342475
2023-08-09,0.20333050773610958,0.34435877309916485,0.2500112090053921,0.19190321966230825,0.2946051449888445,0.24246687150273996,0.1753228253542394,0.254727079182585,0.1565362695880379,0.23044027409285633
2023-08-10,0.20188789934573292,0.3443206902054473,0.2485600322749981,0.19106503753511478,0.292306739940654,0.24309556376879507,0.17438146958536294,0.2544865891421488,0.1564955585781524,0.22986425332186008
2023-08-11,0.20169088408872884,0.34284670245984933,0.2442008726941397,0.19800921312196004,0.2904671581043595,0.24372757570958714,0.1484358616849681,0.2548293100507976,0.1580323098022155,0.23132711994010105
2023-08-14,0.19068694127955993,0.34151599230604957,0.24775767126693085,0.1974400499250549,0.2920854091905571,0.24318431130999096,0.14457466735486815,0.2514472855059765,0.15144915763446495,0.2310858941309466
2023-08-15,0.1917736676328993,0.34806577954656875,0.26332058666462616,0.21693585354434913,0.29527761892839377,0.23955737645095293,0.16475074115393906,0.2513019091406739,0.16100456093332083,0.24435534328630412
2023-08-16,0.19165794134249894,0.3533133906677755,0.2711884718131034,0.21653528669574795,0.2944178528048945,0.23953383080327528,0.16389135884411618,0.25123164180720287,0.16072823304357978,0.24908454876441455
2023-08-17,0.19410284490096177,0.3508733237220352,0.2577738792818358,0.21032666806483535,0.2914865566477567,0.2387767070343112,0.16419736950097685,0.2504377937562283,0.16749035321272182,0.22721980911328246
2023-08-18,0.19469138775592756,0.35025008473800473,0.2574904618104313,0.20992879858276162,0.2974461402770027,0.2357047903841336,0.16303477760179272,0.24881106117942808,0.1672560600439859,0.23033273637159699
2023-08-21,0.1955193288878229,0.3453160472121771,0.25723958502545696,0.20989469395361618,0.28572737331403153,0.2542967122647331,0.16262891528946158,0.2509909220278309,0.16872158624395278,0.23103661083840515
2023-08-22,0.19771276126812967,0.3440201514515733,0.2647016136383889,0.2053659066716871,0.2856979103244251,0.25499099459548596,0.16854587532249468,0.2509785959030873,0.16793205856290744,0.22967460869307238
2023-08-23,0.20705920008473042,0.34227545357600964,0.26214492712022924,0.2035894238282365,0.2907539260781623,0.25643545923336913,0.16910621058270195,0.25090292777255135,0.16875402025567662,0.23105800882989547
2023-08-24,0.2185617747098815,0.3434299069301152,0.26073133528274617,0.20110837028922937,0.26888370709182524,0.2563252079455607,0.16844295756560315,0.2525364416339399,0.174013706593801,0.22534767167967967
2023-08-25,0.2227398048088157,0.3448745977658916,0.2553924499362359,0.18664235177981317,0.26834886178858797,0.25863513726861576,0.16735764550770685,0.2532156807628511,0.17366797943574297,0.20311321088312612
2023-08-28,0.21771246070868755,0.34404830629539107,0.25510325806554335,0.18712037284299177,0.26827225181437603,0.2608943659670921,0.1511527697152772,0.2533254919183846,0.169885739468642,0.2037472183246224
2023-08-29,0.2285562192377301,0.3457698512021846,0.22345930661053234,0.18736464017181767,0.2765072807758286,0.2608864219720999,0.15335426229002191,0.22730755436021025,0.16740174690593745,0.20275342039206376
2023-08-30,0.23503554217040296,0.341385618920565,0.20668849244257556,0.18688786905031962,0.27245794390936945,0.26109287236178413,0.152859619557455,0.22581908701258893,0.16791589783960897,0.20336970031963408
2023-08-31,0.23359789711964538,0.3242316213058122,0.20540671267482483,0.18517401869047798,0.260201205780951,0.19860870852228382,0.15051221647019555,0.21698742798440715,0.1706613559840521,0.1988106477176549
2023-09-01,0.23454995285537916,0.324212494726949,0.2063070574239145,0.18892042942446555,0.26115886683362105,0.19618416901172245,0.15038128076779614,0.2162849155102759,0.16617694853774845,0.20554415362653516
2023-09-05,0.23420313930858905,0.32339750690710994,0.19489646174718128,0.18442400300392034,0.26007962412212815,0.19530043967259633,0.1384070760154929,0.2208591095055124,0.16824740592688808,0.20233930124927113
2023-09-06,0.2557099487936736,0.3267521651523927,0.19254508202800275,0.18415853984279007,0.26287006685521547,0.1977890817578561,0.137724449691371,0.21421782638908224,0.1838050054002383,0.2030150028169967
2023-09-07,0.26725633947391864,0.32901511669476885,0.18973380378312307,0.18235606407430144,0.20987228262498317,0.20237704223377057,0.1362861928298196,0.1855080661864889,0.18286986454085177,0.20277020294190412
2023-09-08,0.267671240362917,0.3289787161476301,0.19075334105900607,0.1789141618215426,0.21076834445976603,0.2017067495360577,0.13457200552424692,0.17924984917006956,0.17795857941811388,0.20548979785034432
2023-09-11,0.2648282021767876,0.33229613249450135,0.1920484308325324,0.18977285855059536,0.19984020935112712,0.20567671936506848,0.13390994225215674,0.16932120090609232,0.17913730477686113,0.20588509549243714
2023-09-12,0.2673561372976862,0.3343684138361402,0.2002949860497279,0.17756284073391454,0.20319181647236007,0.17113871026216673,0.13887610487489588,0.17643882244625453,0.18065267949619182,0.2054640995675159
2023-09-13,0.26845041404749925,0.3371352829465467,0.19850981719207048,0.1759435920801355,0.2029016016728471,0.16944644021478375,0.13895102078811478,0.18050433822174963,0.17776634602965632,0.20689086489242794
2023-09-14,0.2684326107049203,0.32528834871569956,0.19958471891811766,0.1688336982223968,0.1891398788585033,0.16823691805640412,0.14958106815993133,0.1630333545665387,0.17715520081728925,0.20544094625757653
2023-09-15,0.26814331663200536,0.34016931477069495,0.1999595278508905,0.16968715210687252,0.19032725231344413,0.17161978065206,0.14795982377263786,0.18008515401731556,0.1752335995166383,0.20927091483723512
2023-09-18,0.23529613654742726,0.2510793034725664,0.19994091897056931,0.16941917288682853,0.19002577444375163,0.17144537264322174,0.14834394371280712,0.18020712812582523,0.17845926348020177,0.2097467003701621
2023-09-19,0.2306246264997799,0.24929549558822953,0.1898696762372852,0.16944117261068797,0.17630496327223144,0.15446341606438604,0.1471652890598454,0.1790560278543333,0.17185911586312172,0.20988409002005368
2023-09-20,0.23735554565609,0.24982972592705502,0.1836952722743289,0.16976430036725335,0.20090521971143777,0.15540039178239018,0.14689822138061762,0.18918609750357274,0.17395842646542187,0.21231423642776276
2023-09-21,0.2373358631756639,0.27791605939356584,0.1863407450698574,0.17262713480315361,0.21052967288787194,0.1562888428901433,0.14382439123303836,0.1864453392272083,0.1828719856080108,0.2135904365225734
2023-09-22,0.23790136295866912,0.2770699835962692,0.18864650680746317,0.17275697037356474,0.21058439657359396,0.15674589944731826,0.1457541343963248,0.1876151113224957,0.1829583486914222,0.213364221690869
2023-09-25,0.23899677861966895,0.28241285500168656,0.18355086303987297,0.1678785563055427,0.2113712740559055,0.15272290970023011,0.14539306802908925,0.18700337754199728,0.18291000900573845,0.2113378094058105
2023-09-26,0.24643508588116028,0.29951605246491936,0.18543052361963505,0.16889811010435637,0.2152065449633033,0.15349065154903344,0.14702816102117322,0.19084277338383093,0.18743251732067703,0.21132574289722358
2023-09-27,0.245719115762649,0.2951798847637112,0.16574195750561763,0.149905340914022,0.21729938911708002,0.15590830562165364,0.1305759550447616,0.190317070898635,0.18251772616769205,0.2124307319525141
2023-09-28,0.24560739372370874,0.29128524646012915,0.15985520139172557,0.1494890875803524,0.21903568113746064,0.15596630763631442,0.13588117835264302,0.19053723684308124,0.18191754269122384,0.205541741082331
2023-09-29,0.2424703483569712,0.29255351352658665,0.16039140937253096,0.14912637382362093,0.2201476171645437,0.151998595196325,0.14181355074548535,0.18911020953781868,0.1890871017327114,0.20801501959926008
2023-10-02,0.24632938887682848,0.2979266146117309,0.17366751850336842,0.15372798330755597,0.22352715873991572,0.15116922376798872,0.14327018845281936,0.19698270697489573,0.20280234656675905,0.21200018054693648
2023-10-03,0.24613593592087177,0.3136014455225545,0.19046154502866683,0.15316146103353068,0.22690716304114514,0.12816240345635901,0.143680884258221,0.20562642318634552,0.19961514351744025,0.2079195445988169
2023-10-04,0.2459636031590117,0.31925831508071706,0.1801350377682686,0.16728513464847244,0.2338905745757217,0.1273410910776036,0.13227770692369928,0.21242297458712156,0.20404273513865673,0.23760613066456004
2023-10-05,0.23794163677887803,0.31793971610313426,0.18120197537829705,0.16777504098391346,0.22299201721907871,0.13033070076460607,0.13123984862168322,0.20811339985736596,0.20533562635312372,0.24592315092827502
2023-10-06,0.22958526054313727,0.31296615665308763,0.1796148098508406,0.1688162353489694,0.22002217567751828,0.1302631619794575,0.13924288531322787,0.21073806570473144,0.2039902842952817,0.25004241793668114
2023-10-09,0.22795443447148855,0.31118001264715306,0.18287797220078322,0.18458523216707068,0.22031475430201672,0.12359257490695294,0.139340925762888,0.21022867556964078,0.20279544709510888,0.2644244461739357
2023-10-10,0.22662585728266402,0.3127352003537174,0.19835991409669326,0.18404474513825084,0.21982787513312502,0.11969060065700256,0.14014756950697804,0.21067593957707642,0.20282652150989183,0.2638182007099506
2023-10-11,0.21844590025396776,0.31491202125101014,0.19265656001169484,0.20941717307527893,0.21237364334530348,0.12506376871647545,0.13838949491699654,0.20947814628854952,0.20281874832279614,0.28398036965252244
2023-10-12,0.2110879469243241,0.3151423998032696,0.19265501454580708,0.20939683079694504,0.21400629626848874,0.12516633428442983,0.13808066305794814,0.20981544033057162,0.20264412695215545,0.28217716914371604
2023-10-13,0.21257110672200816,0.3123765140188081,0.19273590291095544,0.21473078776825152,0.21694166523990133,0.12139223728868949,0.13991269499582343,0.21188169028114523,0.20990203864681983,0.2976216357592511
2023-10-16,0.21044871420283745,0.31940983601474093,0.19154478089031807,0.20834048698666052,0.2194504683493235,0.1207606785426365,0.13974647720683844,0.21612071333864763,0.23472655797934858,0.29084622461467496
2023-10-17,0.21114139829497486,0.3197250096467643,0.2031097562087013,0.20839033838707474,0.2197000205644989,0.12312137016802369,0.13565688159659456,0.21183809004545642,0.23655600166756235,0.29368953048999835
2023-10-18,0.18553021161885708,0.32548329304403234,0.20393884066327767,0.2095703803655307,0.22112116241634674,0.12939369578201734,0.139783526566871,0.21243178964569429,0.25142490202612766,0.29553809970662137
2023-10-19,0.16496565015986064,0.32016018381510786,0.20546086284980103,0.20957416398147638,0.22068946235371453,0.12260370961202087,0.13789633802286422,0.21109382614729102,0.2516913036930062,0.2952495758240318
2023-10-20,0.16968144898066462,0.32662663165199846,0.2137888886542191,0.21323208418183925,0.22438841404541165,0.12305090239922194,0.14627699835447364,0.21130728034520888,0.2549604890936204,0.29583162341873853
2023-10-23,0.16823784909318207,0.3095320692642763,0.22558617896368519,0.23205003324324724,0.22494772170308971,0.11758859970092445,0.15095700160823897,0.2100992821968951,0.2559947684370834,0.2966136718246316
2023-10-24,0.1615148968355877,0.3134543388220193,0.21692529066680644,0.23548961911408473,0.2273656608360718,0.1151902980195294,0.14557926590376902,0.20370914545555732,0.25605386652802126,0.28328551615767406
2023-10-25,0.1625979463212324,0.33885284166971985,0.21797390704288935,0.23559790768470368,0.36835752331544513,0.11509326187923108,0.14609047288424437,0.2189694775001148,0.25906590498039966,0.282933508188198
2023-10-26,0.17460749647773027,0.33953561627554546,0.2267957572712366,0.2346845900452219,0.3726400370212818,0.12241974747648572,0.13333587397690685,0.24468125012733039,0.26348785641004474,0.2770575765839644
2023-10-27,0.17664792047712302,0.39140811611477283,0.24547759081154924,0.30464425834319425,0.37273704962758025,0.1318247044541492,0.16752860033123074,0.23427069426884894,0.2785639487707475,0.2787123669091683
2023-10-30,0.1730599559713621,0.40932235498710645,0.2559317172654287,0.3074262846500152,0.3774211627268466,0.13441616625320166,0.17294949486796124,0.2428817891569318,0.28241470988014894,0.277333576942559
2023-10-31,0.17204616267112002,0.40696804132681463,0.26915209057617046,0.30721061015058293,0.3773631457892957,0.13894090573235654,0.17786611426586563,0.24283979672182857,0.27971325229147737,0.277481917902065
2023-11-01,0.172283101313522,0.4130779291969753,0.26954225887712785,0.3079339333636821,0.37308707908063043,0.13813683263121454,0.1777726070795486,0.23900261994013935,0.27887323208752246,0.27717519480877356
2023-11-02,0.18036570092200632,0.3902923647120051,0.29896727538316137,0.3262156417767482,0.3675747532343236,0.14269681319487149,0.18561824833442936,0.23847523036780108,0.2724697886120542,0.29349634053741813
2023-11-03,0.18068392670088507,0.39015048820794307,0.30728915828216563,0.3250145328241103,0.36958088116424925,0.14466709859680751,0.18704174832069914,0.23787887335234317,0.2833952689674425,0.29489977353660973
2023-11-06,0.18424192871988088,0.388268204792677,0.30744552097622896,0.3202607875170258,0.37000989224600644,0.14520898379837538,0.18783210871290767,0.23864703458830724,0.2817076319208585,0.2955253142974465
2023-11-07,0.17335866238080994,0.3694892039840907,0.30417330868770764,0.32253278137536345,0.36573099382743973,0.14450403203138643,0.185364675006435,0.2309680382911178,0.2778513449001306,0.29742081094809003
2023-11-08,0.17063593378881434,0.37014361338114266,0.3056719129616993,0.3152079553487402,0.3635951838239274,0.14129344881130385,0.1851307533065296,0.23093551777857074,0.27931391190355986,0.27829557060427035
2023-11-09,0.17123427631752275,0.37236660349523465,0.3067176266029796,0.3151551822738906,0.363148990387958,0.15083309500024614,0.18154818300402023,0.23343808255013043,0.2870778628831744,0.2787265102654259
2023-11-10,0.18148973861743903,0.3754075538293804,0.3064720656135118,0.31698317735843606,0.36554460228303126,0.15005428440285426,0.1792906867071061,0.24045131532538477,0.2670877688804256,0.2790300533321733
2023-11-13,0.18085730988769422,0.3741932389988653,0.29677664981363194,0.31840222855262906,0.35819531513139674,0.1504719461707921,0.17781825354637962,0.23983795304478384,0.2577050695160802,0.27952220911284154
2023-11-14,0.18162327617411017,0.35759765208530675,0.3181842202086547,0.3196858951999993,0.35780337113114624,0.15033115928529994,0.18298394680402533,0.22166021842453829,0.2609093829696555,0.2799173910872989
2023-11-15,0.18113552937639968,0.3615615935884593,0.3192566060240083,0.31538406280969516,0.35311814056415763,0.15258213582396152,0.1839829480327315,0.21912290567358414,0.27748431946539354,0.2598866400300092
2023-11-16,0.18160574963769116,0.3602724876920947,0.31992231350582234,0.31609220326023896,0.35657548579239673,0.15153321120606264,0.18598517945784201,0.22172897586618892,0.278344805897444,0.25414528976452466
2023-11-17,0.17821277961532858,0.3604340081845758,0.32115849945131547,0.32263492943258293,0.35412564788173956,0.15087927676296387,0.1829387056326789,0.22348816114516795,0.2786359990512267,0.2606522185376573
2023-11-20,0.17847445479588134,0.3604495100124214,0.32103479772093996,0.30933912812535086,0.3542702327869667,0.15244951662883166,0.18257761431128358,0.22816145525220372,0.27861925956236117,0.23901689563038053
2023-11-21,0.17873497313966755,0.36455262688752293,0.3174045419655732,0.3092404361931036,0.35460395902565817,0.15499013334365044,0.18249423400500087,0.23159358056472615,0.2813436205406227,0.2389192279394697
2023-11-22,0.17798953144558607,0.36503977560759193,0.31753384648725624,0.2974395415907168,0.3521093677778834,0.15037545562611193,0.18242901947470463,0.2317564327028958,0.28149264551415387,0.2150119943229829
2023-11-24,0.1796920485831351,0.36516848673279323,0.3167313865254365,0.2979554452915866,0.3526209912762611,0.1542705035435852,0.18205160969915363,0.23106695120844348,0.2823473648061173,0.21568033297371392
2023-11-27,0.1762442819506174,0.3587704973382441,0.31685610827994115,0.2914764256588525,0.3510889556125399,0.15529371986683718,0.1780046149367348,0.2268047808713206,0.27564155523653905,0.19399442589241606
2023-11-28,0.1760797249392618,0.3560989958120479,0.31669489763847936,0.2914051435478306,0.3494789048597952,0.154809051465637,0.177912903565455,0.2255369134787787,0.25455750551588235,0.19389871857318672
2023-11-29,0.17450678141752848,0.35528102016527263,0.3184602443011856,0.28749827636388536,0.3520884965312339,0.15326986553936883,0.17793799352621117,0.22890562816230808,0.2560446344857489,0.19264120538263477
2023-11-30,0.17207656749385292,0.34470986916987384,0.3169288482064173,0.28512501925958367,0.3540985674118669,0.14747422179323025,0.17604406868378786,0.22719374104531892,0.23073435138235437,0.1873356472986503
2023-12-01,0.1718675333729909,0.34468977029676107,0.3144396579339781,0.28727613251170503,0.3542636397656646,0.16148504794753657,0.17509738059741198,0.23208004461349352,0.27524820635162883,0.18770064539308443
2023-12-04,0.16775188066141145,0.33804430634446503,0.30344112527595113,0.28644862881611655,0.3558977096603664,0.16132667091616398,0.16621705214961255,0.2322928603445848,0.2744915181789132,0.18281183175056148
2023-12-05,0.17524828904443465,0.33861875104958955,0.28882000291758964,0.27039749957150394,0.3577308247643997,0.15762461624066373,0.15857709325067876,0.2324646581602504,0.27403948236857933,0.1861652923139317
2023-12-06,0.17736398019779817,0.3424350051940109,0.2881982954629891,0.2623604423875158,0.35391576810442354,0.162647682236608,0.16382471869098278,0.2360898765741688,0.27304024777976504,0.18765604264090893
2023-12-07,0.17070926702223135,0.2904603238993108,0.2881099790101212,0.2623393554993416,0.2467271074646091,0.1648126808952771,0.1616646181821455,0.2224922266039101,0.2711855660082417,0.1875514277995205
2023-12-08,0.14669393946250875,0.2834180233925054,0.28445678423851245,0.2658997998980396,0.23599696345450383,0.15725947460499085,0.16299161133499498,0.18562115458350253,0.2679382273245283,0.1911023633895232
2023-12-11,0.15577211279125386,0.22560305900251065,0.255580132306769,0.17215268255013333,0.24024492305991954,0.13908700490273976,0.10835543520886878,0.18896200715813852,0.25032412514600294,0.18435549610009794
2023-12-12,0.15444018755546482,0.20284191551057423,0.25411315710222165,0.17264349627616302,0.23679123600950905,0.13742915988030546,0.10666273247560758,0.1812198209597313,0.24584345193485635,0.18829234553857102
2023-12-13,0.15821616355715473,0.20348970882547718,0.2686896139675822,0.1780129969514457,0.2363509965363835,0.13614190034865015,0.10486442404198626,0.18148752818066188,0.31447278330782835,0.19095822231053447
2023-12-14,0.15325863590663533,0.1923228265828607,0.30588730011285503,0.2025174673985928,0.2317193023870414,0.136911762703093,0.11001669696090219,0.18683961323754666,0.3177412819611409,0.20804344798363167
2023-12-15,0.14668462818641118,0.19645482591621702,0.29004130940880074,0.18046046152735432,0.23109098494220415,0.1395806093555976,0.10403130999300352,0.18917707994850472,0.3248911694343248,0.18296313232769698
2023-12-18,0.14873383267478751,0.20862665590673055,0.2844435208180535,0.17881023669057997,0.2380789034487577,0.13844747805135663,0.10254928331921857,0.18672927977792794,0.3192015390886337,0.1825393831630174
2023-12-19,0.14516935546467555,0.20869925300154282,0.28339483933406195,0.18156992882501471,0.23751110577086382,0.13928975072210883,0.1050880263440129,0.18493003571483685,0.343982397457822,0.18067224601614443
2023-12-20,0.14663312246331683,0.20548803079154487,0.2884249178677153,0.17530376255696367,0.23928776120181136,0.15206192231550802,0.1144913991384115,0.18429642489630554,0.34669542411046234,0.18145360841706434
2023-12-21,0.14651039648027578,0.20616266984784645,0.2848232985676382,0.16889582736292036,0.24192906373545356,0.15383438618334191,0.11451727457965759,0.18444287880350874,0.35450011774117784,0.17856347825436106
2023-12-22,0.14758110420630888,0.20307978823972467,0.2790282055940646,0.1680972468010754,0.23853321596081048,0.14058012449514098,0.11330183243550153,0.1829527624498079,0.3486369418667188,0.17864196443542096
2023-12-26,0.13412150101686254,0.1959581312454404,0.2795419077970577,0.16863606287626895,0.23425906357857404,0.1404018365657615,0.10951262322224785,0.16913628143859075,0.34830812474825346,0.17730603447671509
2023-12-27,0.13090206923662137,0.19428668441827154,0.2798232190609564,0.16879479701303202,0.23556664582009623,0.140420065569761,0.10609457880666046,0.1672860103542191,0.3457622088454924,0.1748058810713305
2023-12-28,0.12527853966218733,0.18500637227818822,0.24294801091215076,0.17447911584902892,0.23397266078049866,0.14031312405342325,0.09860784746641064,0.16529075433986357,0.3450532799236702,0.17872534328541836
2023-12-29,0.12652708129325124,0.17864634058224285,0.2437812380881235,0.17507325142831395,0.233813777792326,0.1393822554321838,0.09916622874803566,0.1653478752339226,0.3316281900170377,0.17818382304751146
2024-01-02,0.16392926194348512,0.1836637423493082,0.24288314341996456,0.16738705515041574,0.2314431688073392,0.14811962538750606,0.09930383838436332,0.16245452688106943,0.3433571822351759,0.18910023711768786
2024-01-03,0.16508950500019545,0.18107054250780763,0.24519407849626246,0.16746709012442623,0.22893777081403083,0.14790281037932,0.10129130483565008,0.15478546737775456,0.3430210235184129,0.1767387626504594
2024-01-04,0.16559421242759903,0.196688129250486,0.2452930763594123,0.17143083043839785,0.2348021030690271,0.1473594139387738,0.1015864954881895,0.14365409952194202,0.3485579345581902,0.17801014456587305
2024-01-05,0.16556629624795,0.19189969681724997,0.2438287974606952,0.17131986349226158,0.23467312516728098,0.14638105732904413,0.10000255251618116,0.1399599955210118,0.3493083849136158,0.17833710349247944
2024-01-08,0.18095328115059292,0.1987540646854978,0.24615610296893153,0.17265670086298102,0.24185719212748072,0.1458587723919072,0.10120249448239621,0.1457976312622959,0.34954226226606555,0.18418041161062698
2024-01-09,0.1801027728225238,0.20318181195778767,0.25331464305668183,0.1891711686463906,0.242308936162582,0.1435121962232282,0.10677677063056165,0.14606782890018652,0.3492636894560397,0.18605905864194558
2024-01-10,0.18108844745448366,0.20685793370412617,0.25202105834638194,0.19044019539934973,0.2433150327824055,0.14038352146337346,0.10537837093171949,0.15545175987492896,0.3498947362861542,0.18722234861900622
2024-01-11,0.18086091387116227,0.2073067009537496,0.2569495267432189,0.1896623222902017,0.24308430388769933,0.14172462129079585,0.1078867293822656,0.15294914463223244,0.35213727342084766,0.18724562145807794
2024-01-12,0.18048304113159963,0.20699589286178324,0.2516591484338366,0.1906941665623044,0.2375063247212099,0.14263536979162034,0.11240028996270421,0.15227539813867635,0.35130176000988944,0.18742099212284713
2024-01-16,0.18328628412208378,0.20938662352924284,0.2586040120509412,0.20430537781100924,0.229874433538527,0.1412333877898666,0.11297787525522782,0.15265207641408401,0.3501465336092619,0.19739727748408442
2024-01-17,0.18208190955344272,0.2112679110921589,0.25747200579186746,0.20304282227803613,0.2305537993057203,0.12406978223343536,0.11511561187363846,0.14819631302311317,0.31664171155697446,0.19764960612522603
2024-01-18,0.20468775651458027,0.20779875943227305,0.25713393799051704,0.20459022883084005,0.22304210838232466,0.12449067823750026,0.1141401532565177,0.1430827996151187,0.31401134350359106,0.19737906683411993
2024-01-19,0.20040966145361205,0.20683975763860044,0.2590025171958,0.2009043293815065,0.2264625866761874,0.12443756790451564,0.12184674865117123,0.1446048458297892,0.31447955401811595,0.19025774931745212
2024-01-22,0.20287776427114515,0.20040422346554096,0.2599286383916519,0.20086893173709786,0.22484183479216682,0.11878077931721502,0.11584810310981518,0.14179108974523455,0.31324505885422216,0.1867445687991373
2024-01-23,0.2016679243867304,0.19683030330001744,0.26020417116954225,0.20102313240523184,0.17354497456543638,0.12691798389229136,0.11916237990068804,0.14183317169882625,0.3131704098383016,0.18891521493614977
2024-01-24,0.20074124565763574,0.19702560268098004,0.2595434282413591,0.20561171313582238,0.16793852079623667,0.12645607260757122,0.1180562069431088,0.14196543681517118,0.312871525219904,0.19263731614569726
2024-01-25,0.19711540303329747,0.19363356857035333,0.26062059534641957,0.21775400290826472,0.16867592012120672,0.1263802498377767,0.12272096705076202,0.13883161728458956,0.31581717617955857,0.20589635321467126
2024-01-26,0.19746632677919376,0.1929263379208591,0.2599990215642765,0.21386469055322985,0.16608192380236142,0.12641361826629524,0.12293911484856913,0.13865960614771602,0.3158061483128255,0.20075474777763738
2024-01-29,0.19096675012518324,0.19455133979959757,0.2330605145381624,0.21022486267968823,0.1659763687351684,0.12602287792404326,0.1229160957192249,0.14247898148862748,0.23936035101448896,0.19959367219573607
2024-01-30,0.19812346671724596,0.1974510293909733,0.19055281655905235,0.18314056551701582,0.17215461647835273,0.12527288683175364,0.12553644983052722,0.12117921900784631,0.23702131033737073,0.19054865885211147
2024-01-31,0.20473952364563552,0.2069583706819286,0.2000804579484745,0.19027051417918464,0.29475194467663984,0.1205524093521755,0.13052153260543214,0.14764310520387225,0.23127550379771142,0.19864606846423433
2024-02-01,0.20867214870820225,0.20586755475273102,0.2036145806572897,0.19039811867063744,0.28787843282955644,0.12111705962044313,0.13092564957170055,0.152312123175047,0.2278368721462137,0.1980300886435061
2024-02-02,0.20790165492591878,0.29823913790352724,0.2036224378609476,0.20523361815648664,0.2883132080195306,0.1243811053465458,0.12689062056553865,0.15880780296360134,0.1988669967780551,0.19457355700384288
2024-02-05,0.20884739144840644,0.2973878981159578,0.20265008884531988,0.20331445865331763,0.287406907754337,0.10926878658768976,0.1213292591153261,0.1635629011310674,0.19511895317354827,0.18859648891584657
2024-02-06,0.21078759773242683,0.2980523220441466,0.20173281223023146,0.2031662804997215,0.2845402850073937,0.11311234022916498,0.1208699014222142,0.16318866543575977,0.20816232417538502,0.18919540299941717
2024-02-07,0.21036689875387005,0.2978472087931894,0.20106659505995297,0.2031496593919866,0.2851047574694954,0.11271942571733178,0.12067671526853249,0.17146321418460844,0.20803093499500414,0.18913842545879586
2024-02-08,0.2107931604364608,0.2984887058857853,0.1972605240341926,0.20477741495826016,0.28513284522049,0.11615572429246993,0.12099012696617112,0.17147422555538672,0.20803132556306905,0.19530596629863967
2024-02-09,0.2112440689742572,0.3057874537452763,0.19727263903135564,0.21276706539271484,0.28944360764082305,0.11628072156157626,0.12022575223465695,0.1743015222176339,0.20680988858815613,0.20498132098381908
2024-02-12,0.21240584511525695,0.30931562656492206,0.20348187770224763,0.20945553499514533,0.2913903197881235,0.1179098763934753,0.12000412410945727,0.1807972207895061,0.20616988623845545,0.20383193216522913
2024-02-13,0.21413820219639973,0.3158810347450658,0.21641864441579872,0.21118492951270373,0.2956665677779271,0.12075484815067077,0.12329836253114267,0.19493398742930107,0.21794341000948889,0.20556650607513766
2024-02-14,0.18689707206110212,0.31311370117812554,0.21831206225004646,0.21123468407435345,0.2935956123496558,0.10463757569201317,0.12227553644385106,0.18954098663349947,0.19433376070878322,0.19442573995806053
2024-02-15,0.18567275417969997,0.3120973972695526,0.2312886416191061,0.22603406368770437,0.30130554390568265,0.11132224041316968,0.13492083844487507,0.19166231138125878,0.20055850954996488,0.2099579676808616
2024-02-16,0.18350573544359597,0.29859013335632123,0.2301982807364408,0.22322545864880397,0.30000147719191333,0.1112461154163412,0.13540838684727777,0.19119923346141252,0.19232680081266804,0.20813874831299498
2024-02-20,0.183525826164124,0.3040300171189557,0.22387713434757373,0.22360055370646595,0.2996208496200503,0.11376405482460893,0.1351944022567435,0.19179292546311857,0.18755822269338385,0.21010991951068594
2024-02-21,0.16970869439089356,0.29744185127860934,0.22382392459590175,0.22374765360711024,0.29399679627454783,0.11463083213227876,0.13569004709976165,0.18637640640823472,0.18736486153948045,0.211255807318883
2024-02-22,0.17296721878909221,0.3091228512318218,0.21928898038288125,0.20825571533835283,0.29244033228532934,0.11931667663416794,0.1356704420653731,0.19593985164623243,0.18707713262479583,0.20718985189462552
2024-02-23,0.17442857187295782,0.30750566350873876,0.22087848242280797,0.20698483839905188,0.29131194641332214,0.1218530178193152,0.13588834026172447,0.19122133377421963,0.18514031104520118,0.20668503957407855
2024-02-26,0.1754130394360098,0.3075628131188349,0.2188859584011415,0.2071268684737242,0.3201511715474461,0.12268323961170703,0.13557156138914128,0.1929063674412019,0.18565545350112253,0.2066495118225823
2024-02-27,0.17714938486285042,0.30839158475448575,0.22317818124302324,0.2102087199695349,0.3212967394505244,0.12066715645927543,0.13249858900274164,0.1915065914559746,0.1844487640227966,0.2044321719022407
2024-02-28,0.1745760059510618,0.306368559574595,0.2128505725008698,0.19517760598333217,0.32517604279024553,0.11596284064841456,0.1298446399011826,0.19131997150750463,0.1821882506797766,0.19076613983148966
2024-02-29,0.17427174404022533,0.307169454778965,0.21187594311262137,0.19474188251019206,0.3281833577256377,0.11600940571959982,0.12839194004547927,0.19457394718625276,0.18817166520883674,0.18851255253032656
2024-03-01,0.14537855562492683,0.3066791931125067,0.21260271704433537,0.19180280058095847,0.3260590927371626,0.11592132783639268,0.13027090418928391,0.1927865483219351,0.18830471758582776,0.19003521531998346
2024-03-04,0.152294875726027,0.30692509368238,0.21762982984151613,0.20929466053022552,0.3282285044718879,0.12309901755836276,0.12429819969900031,0.19049563575468437,0.2003788847405374,0.19656333804866263
2024-03-05,0.1630079481545151,0.3140454316871531,0.21689618168993544,0.20945962010850755,0.32827651094506205,0.12222415961214374,0.12519178577980444,0.21043410288642106,0.202140763345673,0.19801495965108445
2024-03-06,0.1597065939505357,0.31452134386865954,0.2166914045970766,0.211214849119823,0.3272785143144866,0.11277474351508848,0.12159000984501751,0.20986532566272523,0.2384352863576717,0.1978269487127721
2024-03-07,0.1600976844704303,0.31763028753227956,0.21662775603894135,0.20495471880878455,0.33328558647462503,0.1119769849697008,0.12591257237334655,0.21418982751086546,0.2417045999158655,0.1935571302805402
2024-03-08,0.16560579221980704,0.319583027171032,0.21494515008998283,0.19263524193703485,0.32692125766095675,0.11206738684606775,0.12157045422095143,0.21476807661199024,0.24267643797657368,0.1829075362392514
2024-03-11,0.17124752930653045,0.3260238048216713,0.21555091360335016,0.19633833903902675,0.3318426464310167,0.11603325420476425,0.12017752375101336,0.2150251154029397,0.2710986744325601,0.18229755818831672
2024-03-12,0.17222592228794628,0.3283764298103356,0.21539702067270736,0.19636044513129713,0.3311055870385358,0.11863204926614423,0.12112293998251673,0.22449784582683546,0.2740544672483448,0.1840018752136074
2024-03-13,0.1675636493084236,0.3245752813134333,0.19290276108526155,0.1987681530723318,0.3316802330817497,0.12222816554185802,0.11084375311478971,0.224304234100151,0.2695794938323344,0.18090532745789528
2024-03-14,0.1647834650899196,0.31461508579162345,0.18284546937287588,0.19231254249534427,0.25235380556470577,0.1275137537899769,0.11994456137970225,0.2181262338876235,0.26990141632501424,0.17466895600122068
2024-03-15,0.15824184285907023,0.31898205012254527,0.1793512915435917,0.19250361936384242,0.254763277025222,0.12860553944752384,0.12175403790901015,0.22443434388969943,0.27015924360926563,0.17398322788717568
2024-03-18,0.16008615341549573,0.2328955348571914,0.1838099650740435,0.17482996521633645,0.2854467039903718,0.1271374142442389,0.12448987843769792,0.21850425631710396,0.26816982175966697,0.17348288308847906
2024-03-19,0.16282900239710552,0.2321849039945263,0.1766744168226273,0.17589691961707055,0.28489312302121006,0.12660392708401702,0.12393338712106292,0.21580418822013656,0.2650130765816242,0.1722123431686771
2024-03-20,0.1671267151817423,0.23330548210411867,0.1830078404794007,0.1809036958508678,0.28655690543188944,0.11964161712646956,0.12697046492367384,0.2168731567808346,0.2458266668758405,0.1725150735688427
2024-03-21,0.2028472595194159,0.23255673728708603,0.1892980357227062,0.18080132904537927,0.2863630449718926,0.11963981148667058,0.13006119847451306,0.21057415505148586,0.24580283288894786,0.17212208445305943
2024-03-22,0.20420424679864116,0.23207195386710994,0.19464653685369146,0.17747462932945954,0.29260517303753353,0.11638620282899277,0.1369037618377595,0.21070109192341688,0.24786726191953537,0.167803745592755
2024-03-25,0.20367121996621923,0.21985732163082475,0.1958159834341342,0.16944974800797438,0.2868552045459379,0.11618222261230965,0.14192357083446014,0.21060510515224737,0.24800047635790737,0.15173272699468474
2024-03-26,0.20321301908447784,0.21796885408259076,0.1922833698131299,0.1707253514617757,0.28540569588374326,0.11481259640656107,0.14193628516120477,0.20727795705463406,0.24837228097368783,0.15277369543584943
2024-03-27,0.21339253341793354,0.20782464685015795,0.17562129849454922,0.1683647142571376,0.28079854165284096,0.11887396525662476,0.14392485425621304,0.19623729566254916,0.2372777516581108,0.14944205190414933
2024-03-28,0.21467189189822777,0.20490943698139077,0.17461845378955096,0.16964855558932987,0.2805235940661558,0.11784724950496624,0.1429493912323253,0.19479204792572766,0.23701027917463022,0.1480907934062306
2024-04-01,0.21538247587270526,0.20326768222885663,0.16556224732704766,0.14244846636935157,0.2835827017870077,0.11140054563548357,0.13668260541057947,0.1946399485873731,0.23336836032555391,0.1304270033455759
2024-04-02,0.215081747465453,0.20324183535016369,0.1675828310418527,0.14279094938039832,0.2793244312202908,0.11133761163174319,0.13504839151161663,0.1950907089532654,0.23380786907704007,0.13717456895521682
2024-04-03,0.21606635396402052,0.19805317469390957,0.16624458407226653,0.14218598361335472,0.27931531905055174,0.12631278408804986,0.13627486635211317,0.19494288876234564,0.23636153168080445,0.1312453860118523
2024-04-04,0.2153164937199127,0.2026047821988064,0.17086269997525844,0.14018457955103716,0.2932174330425948,0.12869679164197462,0.13949440082673112,0.19600507980658172,0.2435773849908621,0.12304942092903218
2024-04-05,0.212459657465564,0.19343531629157584,0.16999629330940497,0.14074602910622702,0.29388687308487627,0.12323087378430043,0.13814713150308075,0.1914945581740896,0.24344052310723965,0.12483570485004221
2024-04-08,0.2116721372270773,0.19346732624211366,0.17040326850920828,0.13986805858622486,0.2962876235490312,0.11962211035650465,0.13817569803220717,0.19132176430980125,0.24208788512560833,0.12301173807301267
2024-04-09,0.21305384989988355,0.1932098595512397,0.16616446241335156,0.13989939954545524,0.26009420934335775,0.12046278605020026,0.13977010088607386,0.18996289547410597,0.23601606015866325,0.12297413612546103
2024-04-10,0.21230899831802244,0.1913906488741481,0.18528618050712986,0.13095232658830322,0.2604441358684487,0.12498566825717557,0.14337675730874394,0.19155222991133192,0.2392551430766923,0.12143964441010763
2024-04-11,0.2489903723166857,0.1952261020050266,0.1878207135180814,0.13250825580175843,0.25616257977047086,0.12536571206666786,0.14331153879521322,0.1935865080125648,0.23856411470212355,0.12385671301522332
2024-04-12,0.250458735844444,0.19493440135601026,0.19160453696904367,0.14459699976330673,0.25833666864354576,0.12637506051655797,0.24458007087430542,0.19489675235520323,0.23886599660466837,0.13294233071157607
2024-04-15,0.25761358505723086,0.19881637667813948,0.19092178035600757,0.14705123161964817,0.2636502487738743,0.12479002948967576,0.24433294859585164,0.20325932721566572,0.23893626230802897,0.13413400622169122
2024-04-16,0.25300211473686646,0.1985035753597735,0.2088865032708678,0.12618977404030005,0.24661376910410465,0.1320339704834513,0.24531112944684969,0.2033415919302499,0.22740846536872864,0.1282478051347295
2024-04-17,0.2400652303056218,0.19222452012479777,0.21314133459863105,0.12585628781399763,0.24483330516341922,0.13248127082948688,0.24327852989809642,0.1837182555357826,0.22813853253663138,0.1267202549860293
2024-04-18,0.24003301010794667,0.19530731330064544,0.21774203332920386,0.12335749829680052,0.2408153278008905,0.13559235374225606,0.24360815780352527,0.19200365627683186,0.18919429637805138,0.12577819711787816
2024-04-19,0.2424905787386483,0.20285404303093407,0.23707094930694217,0.12851797509004345,0.24096783081953926,0.1450279689966165,0.25385704621624977,0.18841142712699263,0.19970729764391867,0.12774015011959297
2024-04-22,0.2409273762835874,0.20604400616479507,0.24333364648903855,0.13149916980711696,0.24241257718421394,0.14706649151593398,0.2599933077701572,0.18805790648186674,0.19602597535440477,0.12675364508373527
2024-04-23,0.23895054316239628,0.20023382549175847,0.24654150561523816,0.12733860434684072,0.24100809098400175,0.14281971980034583,0.26309830262173706,0.19382743507346417,0.14945216511158174,0.1265656100590843
2024-04-24,0.24204005596377137,0.19903427158566642,0.24675356780892946,0.12714918762080882,0.2409869622678519,0.13883254160249262,0.262470031204799,0.17789485713868564,0.14624715376030573,0.12347433697685145
2024-04-25,0.2401661791321243,0.20391399855487308,0.24951489117195505,0.12543030346950976,0.25070887077474147,0.13953773488896598,0.26156641501441935,0.19132313214251356,0.1785916991836153,0.12150679246009251
2024-04-26,0.23798846132100876,0.2240386849669938,0.24697535447814847,0.12237367296817081,0.36627916333491634,0.13717856900386732,0.2556114350265192,0.1850820046272665,0.18058129373424192,0.14520631236690648
2024-04-29,0.2488826646078141,0.21227903814925667,0.24682430660567525,0.12203183153924098,0.38064936664421084,0.13840411450858434,0.2534689901075371,0.17772834375304863,0.1840113331465417,0.14899185856382818
2024-04-30,0.2538537001636117,0.23494139382974996,0.24712803492590524,0.1551835257266313,0.3686106868885184,0.14213274867882592,0.252218777046898,0.19939729114054974,0.18347285972544417,0.15283968237095757
2024-05-01,0.25068920955893426,0.24285587382073265,0.24723600188040498,0.1573497516514963,0.3680052168128784,0.1973239630500892,0.251626214315672,0.20220882635420173,0.25622166331234947,0.16339048067147602
2024-05-02,0.25547552714253036,0.25667403547001966,0.2406977468151263,0.15261128933269352,0.3692695503303908,0.19839445929495728,0.24851607878027307,0.20144701386457653,0.2622839488067649,0.16332766891283157
2024-05-03,0.2800776525569791,0.25740081516836866,0.23484031192449595,0.15309885151483682,0.3676650530139237,0.1985555612573375,0.2451413965394914,0.21064660836186022,0.2624933113320591,0.16321137285766632
2024-05-06,0.2818393262851442,0.25958655543182724,0.23442304221627472,0.15650687666201468,0.3641068461159482,0.1986993907242433,0.2441856575899422,0.21743270160699196,0.26267171290838953,0.16402791937595582
2024-05-07,0.2802456459720928,0.25947088232402565,0.23398099703095182,0.15361999857804381,0.3657335572729199,0.19878213376841333,0.24283841519082858,0.21586312871329522,0.2661324132476193,0.16249341219559083
2024-05-08,0.27898530149249456,0.2584835927049658,0.23373835859135103,0.15139519536352072,0.3684430028130919,0.19843351799942752,0.24965096310320553,0.21610024384654658,0.27050315652116735,0.16074805476269707
2024-05-09,0.27441603949469034,0.2583532288391677,0.2311119041022478,0.15785659425192405,0.36836583344373414,0.19435355184747974,0.24474889962775717,0.2166282614970975,0.2718309615844611,0.1676108780935849
2024-05-10,0.27313268312953787,0.26081848648914335,0.23129720630278694,0.15647844755051826,0.36980346916332096,0.19422613052360932,0.2452167689342932,0.21743886460417278,0.27253842515572835,0.16547390622332336
2024-05-13,0.2746537413164411,0.26134659488852313,0.2298292876324308,0.15744169468993238,0.3614518668563613,0.19656527983519811,0.2443823081387878,0.21558413994543518,0.2756396081205681,0.16452492618424633
2024-05-14,0.27308925813651785,0.2612732198473009,0.22977097458419846,0.15830269513827058,0.36066948928812925,0.1966723664876789,0.24758769161980573,0.2157828770693131,0.27493155896615823,0.1553392812556692
2024-05-15,0.27421433737916207,0.260795696308482,0.2314137337581964,0.15843402712876722,0.36168366940368124,0.1883178112219663,0.2474544454648195,0.22168758823896875,0.27469014136727715,0.1570137763366604
2024-05-16,0.2731594809882642,0.26055378482958863,0.2275332767061219,0.15857676236883572,0.3487447756375505,0.18779731055009244,0.2461566733840099,0.22141806717952056,0.2654486836762361,0.15762102505288805
2024-05-17,0.2733744303123641,0.24817564418638072,0.2273413517391552,0.16019524358993822,0.3483468100639375,0.18784912562404563,0.2468734038917721,0.2149291192461199,0.2679940843312652,0.1585924463438444
2024-05-20,0.2716162954336034,0.24881796972789488,0.2293252715523604,0.16265836585906698,0.3469227862386292,0.19182677465730216,0.2818405914735803,0.21785825561572264,0.2681662158942918,0.15913082254834587
2024-05-21,0.2715821274300308,0.2487178791819638,0.2361933042779525,0.16359947838878594,0.34633680095157954,0.19137201706880716,0.2872621177435998,0.21899977782638455,0.2678481056954948,0.1593985953367548
2024-05-22,0.2699873644049108,0.24865117063501047,0.2175245363687886,0.16872042678883417,0.3476481302917692,0.19136117147655346,0.2866805670608797,0.21804119042106845,0.27747860262652857,0.1667825471660188
2024-05-23,0.25470110758641845,0.24517739926356738,0.22130636315689567,0.16856818164368112,0.3487277416329015,0.20372843769216992,0.2875045787847037,0.21721829991470176,0.2960057161100966,0.1727617912891975
2024-05-24,0.2574126896951474,0.24150081777595014,0.21669056743711884,0.16085045367883197,0.3466951976470609,0.20943469186166924,0.21083176112204152,0.21395353410086104,0.28883192451212136,0.17034383346507392
2024-05-28,0.24680777515474345,0.23972611690570583,0.21994076220734277,0.16029028487915914,0.340643137409014,0.21577082021510158,0.2123907557159436,0.20497652883768103,0.2973876037189095,0.17481971924843245
2024-05-29,0.23744471698555827,0.2396953311518484,0.19492733188236414,0.16349997388575788,0.3406178672807057,0.2063438918763039,0.21012895290449965,0.20529047692906918,0.30140014077648847,0.17584319706152732
2024-05-30,0.23466852201571722,0.24142674707116668,0.1922258490633247,0.1652049122132479,0.3487938398968719,0.2068988708984168,0.20922970074416708,0.22888670734858127,0.2999664585042035,0.17628687271566204
2024-05-31,0.2327066076760278,0.24370743872075745,0.21023682378954597,0.1789277255813454,0.3488089550089086,0.2078126987723928,0.21246588687263962,0.2218074237067722,0.3015975802138261,0.1957340662820338
2024-06-03,0.22732467562933717,0.2334176409691201,0.19168581841881346,0.19593109861613905,0.345604788022171,0.20443439225157614,0.2038615365186306,0.2184758977915957,0.30089334498433373,0.20462402462503157
2024-06-04,0.2275903251788292,0.23009777355104186,0.18518192476817422,0.19387294897236798,0.34424336614602385,0.20305572032027802,0.20278791823558356,0.21872858963576802,0.30049432886151645,0.20766173251278275
2024-06-05,0.22768373217557483,0.22914483496094504,0.1803371859734528,0.1937171953272718,0.3436200707415655,0.2059824564909994,0.2016714254237933,0.2203743765931289,0.30051024162691736,0.20768529932873042
2024-06-06,0.22941117421740248,0.23045113185984933,0.18163693339874917,0.19421587550085803,0.34377424301349113,0.20533196035939807,0.20144569563700773,0.22026935293249825,0.3125010378499892,0.20942001102426283
2024-06-07,0.23046507134259053,0.22454727278313047,0.17906583147536537,0.19119508029216972,0.34024713886151264,0.2028674475215152,0.20588308268836122,0.20619460497896877,0.287349437088766,0.21064707158749726
2024-06-10,0.2398986905517999,0.20742654990445483,0.17920080782874426,0.19132941977485543,0.1926159799327215,0.2023200460565353,0.20604155520129416,0.20184034923168453,0.2947008270056886,0.19607841051583275
2024-06-11,0.3015861550108671,0.2066251853142589,0.18891943462943045,0.1909138129683547,0.16302848293101374,0.2021083425890125,0.22110602218560158,0.20038913051534044,0.29459253363950144,0.19155537009377782
2024-06-12,0.2990746015246018,0.1790557109387872,0.18622697765436955,0.17439485678315975,0.14872291622279096,0.19878836715521978,0.22407574667188593,0.17626731822197886,0.2983667794467369,0.19138360683387678
2024-06-13,0.29638148666986064,0.1761738209491656,0.18673520484519504,0.17387370563392102,0.15699736677340537,0.14845846359702142,0.22637251839422587,0.17382820891571643,0.24656656476429717,0.18530452996913607
2024-06-14,0.296906368901143,0.15047428610245117,0.18651247797701334,0.17222270853161956,0.15246551213067958,0.14686888272797488,0.22633737415123217,0.1735535122474723,0.24107010028125525,0.18610949074824285
2024-06-17,0.2575200385125772,0.14863815197318708,0.18560715364098337,0.17286742625479182,0.152389700639331,0.14679886591021662,0.22610678375440224,0.16718825669894927,0.2479346169531548,0.18668626703633695
2024-06-18,0.25852104810735715,0.14391436599494692,0.18575892474029174,0.16794880894535424,0.15746765355460574,0.1463550249048513,0.22690157335841096,0.1636502010380281,0.24962189273056698,0.18802355188222133
2024-06-20,0.27035014308508526,0.15397415816072615,0.18578202438382804,0.18038146473516892,0.14985658858386372,0.15258960774440536,0.22785109661703945,0.15960697223327297,0.248699660306382,0.1994175292388889
2024-06-21,0.27382580282878893,0.16064997380474352,0.18996899922811386,0.18178921897158568,0.15387353628021677,0.1536965157538392,0.22361923183725005,0.16062070931307493,0.24317823085247126,0.20066320993607017
2024-06-24,0.27330876428148093,0.1679075738941378,0.189014861485426,0.190158994977191,0.15430291414046993,0.15287580952223476,0.22518129456354682,0.1621472612976123,0.24933611021046387,0.21117245142095878
2024-06-25,0.2713241953004743,0.16571168396210023,0.19568730382400357,0.19033424052743053,0.16724423392980442,0.15753323148075543,0.22473270873681817,0.16243796624894255,0.2517152192363043,0.2112417593283221
2024-06-26,0.27236840155606634,0.19898935794367661,0.19704327334689103,0.19423196298773152,0.16759962553225657,0.1552766661860898,0.22491462699354045,0.1616583537594757,0.254235815934483,0.21126436736227225
2024-06-27,0.2723270454433144,0.2076072217845337,0.19680284921411895,0.19412434833691272,0.16790423014679845,0.15622063250550644,0.2226020318329914,0.16130076349836747,0.2578876674418825,0.21083036162523916
2024-06-28,0.2778080799087734,0.21932356910098857,0.19793263077382003,0.19407373090897428,0.1754400739072798,0.15400860516833573,0.22709854354575007,0.16167367992950213,0.25432507423813666,0.20946573791276737
2024-07-01,0.287052984265604,0.2218010996789389,0.1974199672748571,0.19410985184581417,0.17410114804620724,0.15032095705831644,0.23154374123942648,0.17013543966041475,0.255519912942938,0.20893132603282313
2024-07-02,0.288713695177241,0.22420409805688157,0.2073531106935152,0.19160215686976795,0.1748238461687136,0.14992890000030976,0.23398639179906128,0.16976231849136766,0.2570725747394316,0.20414111908041468
2024-07-03,0.2887029386903727,0.22684429000134623,0.2034626118786991,0.19002347664971228,0.17462438557509552,0.14532706266134346,0.18773664324524203,0.1675295612615301,0.2571654312789946,0.20402864884317765
2024-07-05,0.2925894618917049,0.2280973504987708,0.19892628943856822,0.19382066423306807,0.1874998873435314,0.14658352003591163,0.185106800358137,0.17025554633685894,0.2601016080983508,0.20588934037990145
2024-07-08,0.289991368124688,0.22871492978347044,0.199252930849369,0.18929286420308095,0.18748589357531223,0.13944479392376113,0.18387308947393788,0.17103887688303446,0.23624809166784078,0.19990814096893034
2024-07-09,0.27845056420914976,0.22486843852832727,0.20043194101109743,0.19052292707204765,0.17932024476726452,0.12540921710635308,0.18459601391998762,0.1754056433844454,0.2201579150262127,0.19635614049861533
2024-07-10,0.2791816471308691,0.22441811298191464,0.19827880909036125,0.19460017303291885,0.18043767353821602,0.12262353720109138,0.17732805469773458,0.17833392701585715,0.2296143355664939,0.19830026122763478
2024-07-11,0.2921672867009181,0.2374976353471468,0.19527060841021818,0.19290572492737088,0.2031143045605854,0.10962855246019626,0.17619596216636954,0.1956265207727991,0.22411390619648536,0.19785389505834772
2024-07-12,0.29252818487910337,0.23781684456561905,0.1894556590679181,0.18922022172492856,0.20308728687328056,0.10960296024159664,0.17898037816066126,0.19559820281482734,0.21909719179356416,0.1954327519232439
2024-07-15,0.29398875597528745,0.23475500993050194,0.18931855657908597,0.19312683111591938,0.19107967769498865,0.1098459458174435,0.19093440260467712,0.1628225230159013,0.21653734753136938,0.2014526318907614
2024-07-16,0.29430442630452963,0.22808072779643299,0.21919828308848413,0.1776807130966175,0.19720043383294986,0.11157642666146095,0.1912240605910924,0.16696975925159727,0.215121229310504,0.1846103422832418
2024-07-17,0.3086531015933688,0.24242892064284272,0.21936715722797337,0.16662917249781664,0.20392781701016482,0.1505284845725036,0.19405398439513524,0.17242583275710016,0.21150217065532012,0.17438699344546993
2024-07-18,0.3177764833764575,0.2520324368054128,0.23060364992411128,0.16460185336832928,0.21192588967335646,0.15291845407248977,0.21432145985132287,0.17415878902589838,0.21344640571815532,0.16887383246309406
2024-07-19,0.31786608018482937,0.25050895926253025,0.23078177266535838,0.1717147530346283,0.21039636488195157,0.14827244494555766,0.2117292700967157,0.16843667794771144,0.21480575151605308,0.18356948290319836
2024-07-22,0.3165021075770207,0.24338249847273916,0.23438140235557114,0.17599711798884846,0.21891632592738106,0.1488862944022958,0.21138742831808457,0.17213194377397192,0.2039106599423894,0.18379652917129818
2024-07-23,0.31567908226453534,0.25085596886449313,0.23374840481764553,0.18426481176174728,0.2149333787231756,0.15406959304899406,0.20785068557874758,0.1720867235664668,0.20271850974744993,0.18735427486656986
2024-07-24,0.3233190217239054,0.26218293696831685,0.2342973514585455,0.18483107504469806,0.2640605670554062,0.1693445968074668,0.2097106632396935,0.20273241018470745,0.1989391765814514,0.19146745860713626
2024-07-25,0.2563969278843839,0.26239897311408017,0.22838442980632473,0.19060608386764907,0.2771476529355925,0.17764877752211913,0.1918832846056649,0.21219866624929667,0.19903882097781325,0.19833074226484637
2024-07-26,0.2437590820180409,0.26643653064119904,0.22575324019404303,0.18537471051232873,0.2759999840035874,0.1741601437279658,0.18909635469203337,0.20994494795413846,0.21244508699213788,0.19484498920967255
2024-07-29,0.24335624101298745,0.26250284983597,0.22987997403586602,0.18489764251406587,0.2775550144830167,0.18034327645131035,0.18995991039833107,0.21026869842902077,0.21270313697133583,0.19607320988388463
2024-07-30,0.24196248793585565,0.263534117844181,0.2299667069872815,0.19187370589681826,0.2763471293548769,0.18496224680105125,0.19631382823156815,0.21121024230638205,0.21711025501334355,0.19880138468765565
2024-07-31,0.2392572121162308,0.27653745352186565,0.24086718664578197,0.19210933038020617,0.27726039208587305,0.19891689032191967,0.20078125153010354,0.2082516658148875,0.225262220631988,0.19673253511193656
2024-08-01,0.24235765225075007,0.2797597051286808,0.24576970783816146,0.24367358037285297,0.2754764687209326,0.2034410291782138,0.21321976127235748,0.20815542552350477,0.22274636569374862,0.20170845218978026
2024-08-02,0.2334225929871441,0.38198446330839975,0.2844345689610244,0.24688705453585427,0.2826188545486938,0.2072383077576239,0.2493537020059632,0.2150058274723237,0.22385791790010393,0.19349674770021652
2024-08-05,0.27447135145172785,0.3930957226055932,0.2906709914034378,0.2564602921680714,0.30252356549738607,0.21592837052459818,0.2548879264130484,0.2289750050602373,0.23653172622408583,0.1996751407383585
2024-08-06,0.2758603998525491,0.39223121432040453,0.28834664637928636,0.24310367013677162,0.3025331710112829,0.22143707511453162,0.2646222350639748,0.23335226467166204,0.23417330181392276,0.18176277462646495
2024-08-07,0.277972500118473,0.3924413758140245,0.2877959510501837,0.24313156277349254,0.28951914200535667,0.21690801873947793,0.2642779300966972,0.23099981611412132,0.23598311432740401,0.18561360605979543
2024-08-08,0.2761010980602691,0.3775847618235337,0.2962935206232156,0.24564342061233674,0.29769892544702065,0.2169712951154826,0.26880013261268765,0.23416605029176973,0.22706514714453704,0.19323787050819066
2024-08-09,0.2787166536004266,0.37081823324049545,0.29564187273133463,0.245851992538279,0.29839431808446704,0.21494974653136667,0.26873261464795334,0.23630542860720635,0.2258419870610571,0.19412074233734328
2024-08-12,0.27475937513356447,0.3671332485299127,0.29268375731171015,0.24580707231729046,0.2959269066532375,0.21614476851869782,0.2653966599801717,0.23508544830727354,0.2257330278499372,0.19410699334240644
2024-08-13,0.26655574466304743,0.36720552288658614,0.2930584428544102,0.24582018765196992,0.2982854647400994,0.2190842410906392,0.2627096774624661,0.23160270438628933,0.22783898269845312,0.19648002149677707
2024-08-14,0.26258917944211635,0.3630252961742249,0.28589894729745524,0.24621514559052252,0.2996876499388984,0.21857691547081973,0.26038431485649893,0.23206138643588198,0.22329255794841393,0.1965519003774348
2024-08-15,0.26491478280849656,0.38851248534290245,0.2866986517811065,0.2512060712719806,0.300396566805639,0.21806718893695728,0.2608999617469829,0.23541236180819788,0.22362392705801729,0.19675781848063578
2024-08-16,0.2580212915532299,0.38567088531071647,0.2861877631766008,0.24845122885542698,0.2902312352269965,0.2179587743812804,0.25922186824702864,0.22955775181297516,0.2258383045932589,0.19344173198183304
2024-08-19,0.2572830732667129,0.386891553812167,0.28691933445628853,0.25000266354461137,0.3009359887329185,0.21607603656147917,0.2596991043191736,0.2317288100789218,0.23039501066702445,0.1899718939457475
2024-08-20,0.2571610803557914,0.38732785626448546,0.2885655013931388,0.2521139546626174,0.3014662663330255,0.21486304756851718,0.25837079777267535,0.23135943541079826,0.2288472345091763,0.21372830752961014
2024-08-21,0.25083789429232917,0.38816111827596017,0.28726729189370204,0.2485112779379255,0.2979469163642526,0.2117840856725757,0.25837806735358215,0.22568430548663002,0.22055432431658858,0.21365955084626181
2024-08-22,0.2426847510399369,0.38742409430007846,0.29035294628313335,0.2487604542287514,0.2893951381747578,0.2119597714330202,0.2593492324269064,0.22214004484857625,0.22041483022697148,0.21215056781521607
2024-08-23,0.24150293076721915,0.3882167476784715,0.2936200726135209,0.25214571262588475,0.2927223229933136,0.2132237898648147,0.2566693604081538,0.22280162582692845,0.21924620263559433,0.2154876677582285
2024-08-26,0.23611377698652658,0.3881639457866408,0.29290763319544777,0.2479994356533062,0.2914441029483476,0.2120980837143081,0.2477426225096824,0.2230148282336307,0.21856862310130576,0.21849014347058346
2024-08-27,0.23638083329172255,0.38907397198881166,0.2448290420346965,0.24930410155542673,0.29025300412869304,0.2111662498609223,0.24361906348973222,0.222341325211543,0.21505694031190153,0.21995147701062934
2024-08-28,0.22533377890768935,0.3841062639061106,0.24674504800640126,0.23920805405227663,0.28884681097390336,0.18627621819230994,0.2402829945814377,0.22058073402840378,0.20812945253692827,0.2184994792664051
2024-08-29,0.22064454528638114,0.3808723331616431,0.24113621049506742,0.24104987789528093,0.2854938170627527,0.18421687062340672,0.2191283889022178,0.22151052309194671,0.2060786548316695,0.22031978830941065
2024-08-30,0.22099720635381997,0.396893190017221,0.2458891061480058,0.2375367077957576,0.2878594096772412,0.18438952041640494,0.22072473465575126,0.22345618986185495,0.20664135329420344,0.20904935397285232
2024-09-03,0.23571750886736928,0.39833115272241304,0.24307559288466785,0.2426044291516994,0.29468250047967226,0.18423401253209382,0.23017528425022513,0.22427415247087187,0.21568051376415515,0.21752694573913103
2024-09-04,0.23651641870230933,0.3951107977401872,0.24300935217318057,0.24227205817319283,0.2942389794515094,0.17858108949273632,0.2307997571361106,0.22336898319484885,0.21589611118859484,0.21518143358900121
2024-09-05,0.2212377938734822,0.39421008903279475,0.24373688115071013,0.24138344542124554,0.25994405255290015,0.17292137311024414,0.2306125500327656,0.1991142786457416,0.21045849621742915,0.21252380969023427
2024-09-06,0.22180560673586985,0.40815539468500234,0.2542155786656755,0.2380777035057897,0.2702592399068945,0.16371448929359808,0.2421391768607535,0.1920548592395074,0.20934539397341165,0.2031783582824377
2024-09-09,0.22175296714060408,0.4118202434741665,0.2609501124172522,0.24225785181405013,0.27173776119505977,0.16694900636851975,0.24425939566514493,0.1878496916509814,0.2037621170286026,0.21290560776625622
2024-09-10,0.22205628401636837,0.41780285142695106,0.2584953104109016,0.24417819204055383,0.26606051452270346,0.1613701083891123,0.28966013837039684,0.19816654939358733,0.20703953198619582,0.23652342705780313
2024-09-11,0.2243464870837315,0.42486125844784134,0.2584118483239596,0.23468266306947108,0.2718591827932312,0.16235062790431945,0.2839721570062106,0.2065724266187111,0.19559384625896276,0.23077188125628909
2024-09-12,0.22023845844750012,0.41835576194252255,0.2501492098901557,0.23644896186243664,0.28120762584034936,0.14752653149233083,0.28248024814487466,0.2055685464355183,0.18582688762970734,0.2347936276255427
2024-09-13,0.21430860674860255,0.41581124076826176,0.2435670557221186,0.19604926437227946,0.28776598656383723,0.13941006325997324,0.27645694589769443,0.20641565125605493,0.1858683282528955,0.23200371703203118
2024-09-16,0.22905249975728859,0.3121485272876421,0.19586864774816481,0.1848537991549606,0.2808421713166395,0.12870744232565687,0.24945976542792547,0.1955907021395843,0.20245514718286986,0.23624187895938523
2024-09-17,0.17609738257391058,0.281933950302238,0.18078715397973993,0.1706322099723015,0.2494348990769328,0.11604893978255527,0.24012798707556082,0.16573969913172543,0.19238804944937452,0.2336987584860668
2024-09-18,0.1792604186529731,0.28273095326471787,0.18027978193867328,0.16825759702945373,0.24889479379368873,0.10830893189010801,0.22971638716795945,0.16830447334022347,0.18777427975112412,0.23331822580819922
2024-09-19,0.2030949260103763,0.2854632962867595,0.19727795789135816,0.1682170281736353,0.2520449711911311,0.11180967677152752,0.23272846061240313,0.17331018688423638,0.18140856373601796,0.2328977394543041
2024-09-20,0.1995978490054018,0.28294688555847525,0.1937480095102165,0.16371490317282772,0.24716448577262937,0.11098206622819289,0.22749552873077036,0.17474515246748598,0.18295028038162703,0.2268232735360081
2024-09-23,0.19859354055067482,0.283624313664704,0.19682102528582598,0.1672406408982351,0.2474044359279372,0.11261392506130068,0.22643359516360678,0.17496300257190922,0.1818659533975524,0.23181328939206006
2024-09-24,0.1980423131229768,0.2834240523973564,0.19958638114878588,0.16728902843972251,0.2463282784528096,0.11194917482039049,0.22641451933593806,0.17856464781344877,0.1820728090095643,0.23188260816503575
2024-09-25,0.1930828230364184,0.28179276385132956,0.1995104477003709,0.1811709245334879,0.24430300036042454,0.11578606962549552,0.2262429183944704,0.1729909651150905,0.18746425137226785,0.23716685359060052
2024-09-26,0.19345671021910626,0.2833518001637931,0.1988277771637956,0.18544090284415418,0.23546460892693122,0.11641966740040935,0.2240527997849505,0.17248142101265207,0.1874819101737614,0.24005804057606944
2024-09-27,0.18975754790814564,0.2638667329105495,0.19858837327030962,0.19416456510264768,0.23584195244598702,0.11609298006310423,0.22351868452945262,0.17132728735149252,0.18694326082693535,0.25253350017880705
2024-09-30,0.1998424671052327,0.2653218347093601,0.1983347877607551,0.19713326338393708,0.23632717909247097,0.11645634861360145,0.22092259835625122,0.1706708403555052,0.1824484088841166,0.25493714164937853
2024-10-01,0.21862796766210618,0.2659380388418484,0.19992727023290832,0.20134756949443747,0.22793718277945577,0.11649061508718972,0.22561314244398534,0.18254909095429456,0.17755136248963227,0.26349725358808884
2024-10-02,0.2186049188318248,0.2659985559691733,0.1855297596281735,0.1971229206147618,0.2286160166561723,0.11741417628946306,0.22554397419482192,0.1825866128576332,0.177298293258823,0.24493762498109076
2024-10-03,0.21907226833086185,0.26952980160462425,0.18551182018812531,0.19693640110393348,0.22742684005427474,0.11597167689440459,0.22693350649762342,0.1825807692912027,0.17861345241904272,0.2443674716621641
2024-10-04,0.21814077335443105,0.26960799745794567,0.19235062488151652,0.19734874429031252,0.22517270581685542,0.11479004878146543,0.24853627882649215,0.1726374691287561,0.17895307324095425,0.2481820226008781
2024-10-07,0.2259739865226012,0.28579833381478414,0.18908736471504536,0.194243739015458,0.23456222518696404,0.11055116700733701,0.24727107063610831,0.1783414551282774,0.18936570018390292,0.24606095206794965
2024-10-08,0.23254314664692693,0.28573449972067017,0.18883681044891634,0.19938196966367155,0.2357970016122663,0.11014512367426652,0.2468399674471627,0.1808612417185328,0.18938578836363162,0.2536982589296459
2024-10-09,0.23735381252049167,0.2841215146031883,0.18864048860713328,0.19752828480617035,0.23860177676052866,0.1117066426498977,0.2495157977070126,0.18183699759020228,0.21265589729113535,0.25176784951645864
2024-10-10,0.23654904808316837,0.280578788798527,0.1884498706453048,0.19705219969340618,0.23649955569296854,0.11004285988150486,0.24894332106321115,0.18065050824391576,0.22970365614488517,0.2503579600837914
2024-10-11,0.2334864147444385,0.28136754529203134,0.23421943820950186,0.19578779890618975,0.23657749070111053,0.1114684266840393,0.2802185163388704,0.1798615535178064,0.23051234191881836,0.2479066849283186
2024-10-14,0.23818773700959583,0.264263631781503,0.23120281668049975,0.19567408718445004,0.2368079888208442,0.10710679793120957,0.2783184664449401,0.1787229998266991,0.22888789859713246,0.24781027226856842
2024-10-15,0.2247522601302803,0.2607756488814781,0.23141897170312967,0.20077730389752788,0.20778797378719605,0.11440003330234193,0.27204124027435816,0.1696875400181378,0.218905585839329,0.25663672521231345
2024-10-16,0.22484672079406007,0.25542012819924165,0.2341621919576267,0.19336656799029286,0.20685412554558738,0.11438674922333818,0.2720126974954705,0.17081692656060127,0.21965142032480528,0.2533533771908625
2024-10-17,0.22428636952229322,0.24559698085407877,0.23275054513347876,0.19585400145343754,0.21135879188307174,0.10688985222986974,0.27086259150121894,0.17074416810908377,0.22373179472938834,0.25205708792005044
2024-10-18,0.2249021765626718,0.21642312368724914,0.21569362350482538,0.18791045900730663,0.16918945279096528,0.10695069414945234,0.26012311063116966,0.16290272218208748,0.22383906605437395,0.2516810822865202
2024-10-21,0.22516749035228528,0.20815628733268027,0.2156794971277181,0.18571987942345258,0.16215044910691734,0.10681191617685286,0.2568136943563859,0.1608450621795493,0.20872735978359033,0.24536351508691964
2024-10-22,0.2249578786695753,0.19856694055795682,0.21698351062245747,0.17851908512592504,0.16203739777560652,0.1064826661445721,0.19839123363594732,0.16078812837649656,0.20585064732201308,0.21654571452502794
2024-10-23,0.23370774915560982,0.20000218223250235,0.21512409224372078,0.17862489876994056,0.16508300164868936,0.10624513531513366,0.19860727031468636,0.15056158162559996,0.20584602394657042,0.21403077028541392
2024-10-24,0.23377308720109358,0.19787135358968228,0.21400366900640685,0.17769355837837245,0.15319895055635527,0.11319986803988155,0.1982120853260364,0.14802346832231064,0.20122741522021992,0.2130382206271649
2024-10-25,0.23377018205679034,0.1989936924864355,0.22192942529717197,0.17629622653494323,0.1513169744531132,0.12211476449256317,0.1987481007048211,0.14784993803078897,0.20152962772073613,0.213053445495805
2024-10-28,0.2171739764242811,0.19734059756095934,0.22451425321018,0.17495575547474496,0.15260680576683694,0.11970091917157688,0.19710872195294574,0.14806384446637563,0.1892623818450718,0.2111989319972689
2024-10-29,0.21720858599282086,0.19839748457443657,0.22345329745358816,0.17906383509488677,0.15845113530564164,0.12196891971232689,0.20115738116160306,0.15041761351817076,0.19184193140194258,0.21307611582050023
2024-10-30,0.2181748557504738,0.19992688663218774,0.2245364446354796,0.17930863918751708,0.17507930442187852,0.12205442403216864,0.19899939607470185,0.14757774541166832,0.192101681819313,0.21360614233361178
2024-10-31,0.19869698259509258,0.2167449031603132,0.2104954969996641,0.17881324456475592,0.18299537410495698,0.12078507979394083,0.20000189310386374,0.22606553876557145,0.19293169936786483,0.21070814630427306
2024-11-01,0.20211025089188592,0.27813317280543465,0.20541700517298447,0.19533467690125023,0.1817558722479127,0.12068709918516206,0.20013005043949897,0.22827379998544017,0.19274165957956182,0.21501207111605683
2024-11-04,0.20132636666081818,0.27831110584648416,0.20559376971303103,0.19297096894982155,0.18258313052277478,0.1241154367497437,0.20563578971181135,0.22832948454979643,0.19495067906029387,0.2278838360730413
2024-11-05,0.20195497655354083,0.28342916543660424,0.20531092439309234,0.19344833180508228,0.1825981319198036,0.1241092527987392,0.20641365076240836,0.22854266376365692,0.19567818140459659,0.2278208084409017
2024-11-06,0.20179468300271622,0.30110104314772584,0.30612607786390983,0.19282331267111774,0.21145651717808822,0.1184747356964664,0.372258416527407,0.23650756745338422,0.19845203976479786,0.22431809473356054
2024-11-07,0.2108564863931577,0.3015562195882751,0.3109740383227589,0.1881526312544253,0.2195400523613951,0.11885852591030686,0.3988731943782871,0.2396211369356533,0.19888197664528046,0.21693152017569783
2024-11-08,0.21085217762034367,0.29786184395630144,0.3103998244477399,0.17730911913127428,0.22451641512576212,0.12056637827277696,0.3988962508066308,0.23941389636936705,0.20016304076346714,0.20467971510389052
2024-11-11,0.2022050316711259,0.29711749618618877,0.3139218777689965,0.17552259719291655,0.22439393509804084,0.11956607405252463,0.3991430659705188,0.24059965508733488,0.2052256176169773,0.20308707450754135
2024-11-12,0.18349800120503898,0.29615264431842425,0.31137641201504995,0.17229429345615352,0.22442065301934375,0.12630752792132663,0.3934738794730038,0.23436703349981808,0.20427059350215085,0.19216337772529607
2024-11-13,0.1837353327299349,0.3014007998406061,0.3113815605773593,0.18136070543971394,0.22882468496349834,0.12708265680151817,0.39332631365633064,0.23330312907154782,0.21446834996289604,0.19018026984207662
2024-11-14,0.18746219965684127,0.2997972070239591,0.3113628751070746,0.1883617328314042,0.23682982059788785,0.12865693522205635,0.3907509933819248,0.2334128079573851,0.22523687049282237,0.18840472445157355
2024-11-15,0.19159922885908431,0.3241798192181458,0.30998158976916046,0.18811873798778259,0.24293895820592523,0.13654285952300757,0.38180140552140057,0.24814597670294844,0.2587288240075999,0.18217720053657438
2024-11-18,0.18305218815786978,0.30884815620822076,0.30934095649138943,0.18843587311005827,0.23395336093517438,0.13733987963324118,0.38176842416084134,0.24366719841908865,0.2479692690308258,0.18361312218104675
2024-11-19,0.1755973482390645,0.3097710457910981,0.31080016405985683,0.1827950759401739,0.23660735293610116,0.14049353187885597,0.3832639012107429,0.2413758389709272,0.2512442307132549,0.17126787516265063
2024-11-20,0.16905574135944662,0.3103786108568559,0.31288392888639543,0.1840645018269706,0.23456136537799718,0.13889529219586702,0.3847011783043579,0.24115742647677493,0.22311070326046253,0.1765664517830266
2024-11-21,0.16904685919899612,0.3185854533417116,0.31162476407663164,0.18376158705531642,0.2779115477380612,0.1474724391642675,0.3857779527063602,0.24121961816481813,0.21561712161661648,0.17912258344155205
2024-11-22,0.16873640348123223,0.3181641525837196,0.2842043239135992,0.18367836344760882,0.2822904702097124,0.14600905120894025,0.36948826739369467,0.2429817606901157,0.22749381940118737,0.17876879619182448
2024-11-25,0.16622262382497488,0.3224627441435281,0.2844979310241251,0.18879689793671334,0.28514867355957385,0.14667499442484092,0.36892895158481065,0.24250150441161492,0.23775810119797702,0.18337801634379586
2024-11-26,0.1653881985467213,0.3331179929118068,0.2844897857966359,0.16986878051293108,0.2860587038721584,0.1380845973601679,0.36925522484736156,0.2504754715267254,0.23581288365708736,0.1677380614767938
2024-11-27,0.16315200254862697,0.33476190183656235,0.2826055715187053,0.17048163066241107,0.2859574058856018,0.1395332036836824,0.36945600395240485,0.25231441599937604,0.23398228032586396,0.1676165968378635
2024-11-29,0.16553075599527112,0.33541107391799946,0.2828129890038281,0.16615805156819963,0.28280732061446295,0.13931170809420107,0.3696349303984742,0.2523068066976374,0.23828764462619353,0.16774078023670608
2024-12-02,0.16407808970701093,0.3364588605455026,0.2840289529769387,0.16533643000104858,0.2855606749992359,0.13828617451589817,0.37310532669451557,0.2569861695089488,0.24067911782224097,0.16759172578906195
2024-12-03,0.16700538023114525,0.3373625505995345,0.2806618457524234,0.16578177062532207,0.28555753401387185,0.13984880372379782,0.37186144781821945,0.25698817733950696,0.24071314481896844,0.1676032087852842
2024-12-04,0.16667697103794593,0.3412806227444352,0.28194252924530533,0.18108101025000203,0.28902230986811445,0.1419783273152689,0.372704243785905,0.2534342173316208,0.24223333456075993,0.18628679481641097
2024-12-05,0.15196873518414636,0.32845076087145963,0.2834657613702993,0.1809166574596949,0.2871452790098537,0.1326998379611421,0.3726287154211411,0.25429754235367713,0.2505181032460507,0.1869574328756575
2024-12-06,0.15196868324177162,0.3351074855712909,0.28338066497924175,0.1985453266919326,0.28848458820268774,0.12926484593860094,0.37268956797658326,0.2542813561433622,0.25050644552497664,0.1885009776878165
2024-12-09,0.15739790094857695,0.33651699200262186,0.2834793826882868,0.2008127568910747,0.2858976947761151,0.12246043874317694,0.37364583301764387,0.2538266728467955,0.25519687240489664,0.18893216356609385
2024-12-10,0.15635534120651853,0.33787244133823124,0.2809218610811709,0.20065350759423523,0.323366319535071,0.12084053406097048,0.37263260732716924,0.2543386209798823,0.2553902359705748,0.18867431739396723
2024-12-11,0.15773458300486626,0.340914173497661,0.2808742579151451,0.1965211786644111,0.352703277077249,0.12705956395615187,0.37023783400987653,0.2544152433957747,0.25519280181656584,0.1858008919580598
2024-12-12,0.14940496187840388,0.3424373119351437,0.27998442350847286,0.19889120007568337,0.3515499957483411,0.12582204731863322,0.37144961005123184,0.2544153678476777,0.2560392755553798,0.18546072989630658
2024-12-13,0.13582446692399266,0.3241480337664646,0.27885727371236874,0.19970537154565407,0.34775739794292415,0.12667030562385262,0.3702324950436701,0.16963907323537566,0.25786169164345624,0.18667154090351054
2024-12-16,0.1285260656639211,0.2871889208035777,0.2794073768602893,0.2029071313885841,0.3597023826409334,0.13458538768654824,0.3703694494935873,0.16956220102838082,0.25921443399055705,0.19125829658934512
2024-12-17,0.12720847663775986,0.28573166946362993,0.2789790874030954,0.20324505565467296,0.3577754581318162,0.14503897324252207,0.36772588881473267,0.16808693127633353,0.2935729300695572,0.16372281856169202
2024-12-18,0.1477897680821042,0.32078930992353905,0.2980806733033243,0.2173539158676622,0.37739281972247757,0.1470749979445902,0.3824423505542269,0.20686725221907418,0.2974740051427687,0.16634169960705747
2024-12-19,0.14668125338065063,0.3056273246355459,0.1791445523189967,0.20517086408710236,0.3620225271280293,0.1479026976090016,0.20753889366594722,0.19909170189880684,0.29109566865247616,0.1551721389376101
2024-12-20,0.1442750073493585,0.3039827933758674,0.1833625089117537,0.20971845512094583,0.35846480662494956,0.1495641003277854,0.17457261969437712,0.19640481383702146,0.2990959704835578,0.155968624403284
2024-12-23,0.14352790319546496,0.30217296205154237,0.1824552768812429,0.20969085492389936,0.35788792643287537,0.15031044710799213,0.17467965950056813,0.19542335576252925,0.29987756048939984,0.1574295283151001
2024-12-24,0.13674095018460683,0.30393595179369653,0.1744616224512215,0.21124835944392206,0.3573253959743121,0.15127978824866825,0.17880567009303902,0.1935238554319649,0.2949219293384183,0.15804536859880977
2024-12-26,0.1361007943911012,0.3052682736831341,0.1746516391639094,0.21086482175329613,0.357433908006835,0.14549470705031287,0.17900796862581267,0.1914648453482704,0.2956178986354913,0.15842581876970668
2024-12-27,0.14590925407185196,0.302099058413064,0.17499315968626522,0.19838505617767033,0.35719000168765463,0.14478017411850735,0.17971547600830903,0.19853154729754063,0.289826157963609,0.15397716381509713
2024-12-30,0.15162242213863997,0.30160580183986785,0.1767535949674904,0.1871427317010563,0.3530052686488232,0.1462938784101982,0.18084601827940863,0.20218760801728522,0.2798324356762203,0.15347983502471474
2024-12-31,0.14575158319652395,0.2728159105834729,0.16686389451332587,0.19283079384050802,0.34982989273699255,0.14230366604565456,0.1757080756797835,0.18546515457189602,0.2390966534344613,0.16424193431363293
